ISO-10303-21;
HEADER;
FILE_DESCRIPTION (( 'STEP AP214' ),
    '1' );
FILE_NAME ('Pieza1.STEP',
    '2026-08-13T14:58:59',
    ( '' ),
    ( '' ),
    'SwSTEP 2.0',
    'SolidWorks 2020',
    '' );
FILE_SCHEMA (( 'AUTOMOTIVE_DESIGN' ));
ENDSEC;

DATA;
#1 = CARTESIAN_POINT ( 'NONE',  ( 32.90873818912725568, -5.787780957945368066, 23.90323187704494856 ) ) ;
#2 = CARTESIAN_POINT ( 'NONE',  ( -24.12146254264214917, -7.673493537500079675, 9.506322242324682037 ) ) ;
#3 = CARTESIAN_POINT ( 'NONE',  ( -40.00000000000000000, 0.000000000000000000, 22.00000000000000000 ) ) ;
#4 = CIRCLE ( 'NONE', #245, 15.00000000000000000 ) ;
#5 = EDGE_LOOP ( 'NONE', ( #1278, #1783, #489, #923 ) ) ;
#6 = DIRECTION ( 'NONE',  ( 1.000000000000000000, -0.000000000000000000, 0.000000000000000000 ) ) ;
#7 =( BOUNDED_CURVE ( )  B_SPLINE_CURVE ( 3, ( #1632, #372, #494, #1220 ),
 .UNSPECIFIED., .F., .T. ) 
 B_SPLINE_CURVE_WITH_KNOTS ( ( 4, 4 ),
 ( 0.000000000000000000, 1.396371484459530299 ),
 .UNSPECIFIED. ) 
 CURVE ( )  GEOMETRIC_REPRESENTATION_ITEM ( )  RATIONAL_B_SPLINE_CURVE ( ( 1.000000000000000000, 0.8440064698916446284, 0.8440064698916446284, 1.000000000000000000 ) ) 
 REPRESENTATION_ITEM ( '' )  );
#8 = EDGE_CURVE ( 'NONE', #1344, #1518, #122, .T. ) ;
#9 = LINE ( 'NONE', #264, #443 ) ;
#10 = VECTOR ( 'NONE', #1149, 1000.000000000000000 ) ;
#11 = AXIS2_PLACEMENT_3D ( 'NONE', #1455, #1061, #1445 ) ;
#12 = EDGE_CURVE ( 'NONE', #798, #278, #1393, .T. ) ;
#13 = DIRECTION ( 'NONE',  ( 1.000000000000000000, -0.000000000000000000, 0.000000000000000000 ) ) ;
#14 = CARTESIAN_POINT ( 'NONE',  ( -23.15392300275232884, -7.649390632181240157, 9.097022709610859792 ) ) ;
#15 = CARTESIAN_POINT ( 'NONE',  ( 24.88344940540551420, -9.939916283733079894, 11.69070401865578823 ) ) ;
#16 = DIRECTION ( 'NONE',  ( 0.000000000000000000, 0.9848265156523382524, 0.1735417358103663044 ) ) ;
#17 = FACE_OUTER_BOUND ( 'NONE', #503, .T. ) ;
#18 = DIRECTION ( 'NONE',  ( 1.000000000000000000, -0.000000000000000000, 0.000000000000000000 ) ) ;
#19 = CARTESIAN_POINT ( 'NONE',  ( -2.450196355613079913, -4.937432086257637742, 7.835122196806802997 ) ) ;
#20 = B_SPLINE_CURVE_WITH_KNOTS ( 'NONE', 3,
 ( #631, #518, #624, #895, #109, #364, #1606, #1057, #1451, #241, #1322, #1184, #916, #1358, #781, #1629, #388, #1754 ),
 .UNSPECIFIED., .F., .F.,
 ( 4, 2, 2, 2, 2, 2, 2, 2, 4 ),
 ( 0.000000000000000000, 0.0008221551437004351011, 0.001644310287400870202, 0.002466465431101305412, 0.003288620574801740404, 0.004110775718502175831, 0.004932930862202610824, 0.005755086005903045816, 0.006577241149603480809 ),
 .UNSPECIFIED. ) ;
#21 = ADVANCED_FACE ( 'NONE', ( #1011 ), #327, .T. ) ;
#22 = PLANE ( 'NONE',  #1628 ) ;
#23 = CARTESIAN_POINT ( 'NONE',  ( 24.34780479129445752, 10.59735132082426645, 7.959846690172847516 ) ) ;
#24 = CARTESIAN_POINT ( 'NONE',  ( 23.00000000000000000, -10.63896241444342117, 7.723709209179705937 ) ) ;
#25 = VERTEX_POINT ( 'NONE', #1672 ) ;
#26 = FACE_OUTER_BOUND ( 'NONE', #1378, .T. ) ;
#27 = LINE ( 'NONE', #1133, #1713 ) ;
#28 = ADVANCED_FACE ( 'NONE', ( #434 ), #920, .T. ) ;
#29 = CARTESIAN_POINT ( 'NONE',  ( 2.446103462328927947, -4.939083586034784368, 7.835719463496869430 ) ) ;
#30 = CARTESIAN_POINT ( 'NONE',  ( -24.62240774312592606, -7.720273714905741436, 10.10958232048160887 ) ) ;
#31 = CARTESIAN_POINT ( 'NONE',  ( 23.73873172556530164, 7.658281988482710467, 9.260398181154512187 ) ) ;
#32 = DIRECTION ( 'NONE',  ( -0.000000000000000000, -0.000000000000000000, 1.000000000000000000 ) ) ;
#33 = CARTESIAN_POINT ( 'NONE',  ( -30.62624059440943824, 4.429542652614041565, 28.72649636567142650 ) ) ;
#34 = ADVANCED_FACE ( 'NONE', ( #1721 ), #200, .T. ) ;
#35 = ORIENTED_EDGE ( 'NONE', *, *, #93, .T. ) ;
#36 = DIRECTION ( 'NONE',  ( -1.000000000000000000, 0.000000000000000000, -0.000000000000000000 ) ) ;
#37 = DIRECTION ( 'NONE',  ( 1.000000000000000000, -0.000000000000000000, -0.000000000000000000 ) ) ;
#38 = AXIS2_PLACEMENT_3D ( 'NONE', #1074, #97, #773 ) ;
#39 = CARTESIAN_POINT ( 'NONE',  ( -5.499999999999994671, -2.646834576811555588E-19, 6.999999999999998224 ) ) ;
#40 = STYLED_ITEM ( 'NONE', ( #1325 ), #1593 ) ;
#41 = LINE ( 'NONE', #1180, #996 ) ;
#42 = CARTESIAN_POINT ( 'NONE',  ( -26.99999999848496657, 9.975919625144493708, 11.48638979356202405 ) ) ;
#43 = CARTESIAN_POINT ( 'NONE',  ( 23.27616192481332646, -7.650278660064644853, 9.114305784333225802 ) ) ;
#44 = VERTEX_POINT ( 'NONE', #425 ) ;
#45 = CARTESIAN_POINT ( 'NONE',  ( -30.54267774618761067, -4.062079489156091405, 30.00000000000000355 ) ) ;
#46 = CARTESIAN_POINT ( 'NONE',  ( -1.435686462219431414, -5.321585403483443777, 7.975502769408648440 ) ) ;
#47 = DIRECTION ( 'NONE',  ( 1.000000000000000000, 0.000000000000000000, 0.000000000000000000 ) ) ;
#48 = CARTESIAN_POINT ( 'NONE',  ( 32.89907635711583112, 5.768320551622823977, 24.01366712227612155 ) ) ;
#49 = CARTESIAN_POINT ( 'NONE',  ( -27.00000000000000000, 9.879993056239577243, 12.03076044983080095 ) ) ;
#50 = CARTESIAN_POINT ( 'NONE',  ( -30.54267774618518771, 0.9310193301876806826, 30.00000000000000000 ) ) ;
#51 = CARTESIAN_POINT ( 'NONE',  ( 23.00000000000000000, 0.000000000000000000, 22.00000000000000000 ) ) ;
#52 = CARTESIAN_POINT ( 'NONE',  ( -40.00000000000000000, 0.000000000000000000, 22.00000000000000000 ) ) ;
#53 = CARTESIAN_POINT ( 'NONE',  ( 25.00000000000000000, 0.000000000000000000, 22.00000000000000000 ) ) ;
#54 = B_SPLINE_CURVE_WITH_KNOTS ( 'NONE', 3,
 ( #156, #694, #416, #1645, #833, #1255, #288, #971, #687, #2, #1248, #1523, #525, #1772, #14, #397 ),
 .UNSPECIFIED., .F., .F.,
 ( 4, 2, 2, 2, 2, 2, 2, 4 ),
 ( 0.000000000000000000, 0.0009117779419861581384, 0.001367666912979233250, 0.001823555883972308254, 0.002279444854965383040, 0.002735333825958458261, 0.003191222796951533047, 0.003647111767944608268 ),
 .UNSPECIFIED. ) ;
#55 = CARTESIAN_POINT ( 'NONE',  ( 25.00000000000000000, 7.864313025587554407, 11.38139708114399262 ) ) ;
#56 = ORIENTED_EDGE ( 'NONE', *, *, #909, .T. ) ;
#57 = CARTESIAN_POINT ( 'NONE',  ( 32.21301258294473513, -4.386483256902198313, 31.85541194408213173 ) ) ;
#58 = DIRECTION ( 'NONE',  ( 1.000000000000000000, 0.000000000000000000, 0.000000000000000000 ) ) ;
#59 = B_SPLINE_CURVE_WITH_KNOTS ( 'NONE', 3,
 ( #449, #1566, #716, #1275, #31, #1558, #1146, #1696, #331, #572, #1136, #1299, #1686, #1549, #55, #599 ),
 .UNSPECIFIED., .F., .F.,
 ( 4, 2, 2, 2, 2, 2, 2, 4 ),
 ( 0.000000000000000000, 0.0004533069934489622542, 0.0009066139868979245084, 0.001359920980346886925, 0.001813227973795849017, 0.002266534967244811325, 0.002719841960693773850, 0.003626455947591700636 ),
 .UNSPECIFIED. ) ;
#60 = CARTESIAN_POINT ( 'NONE',  ( 24.26020668939861835, 7.682261539172570153, 9.632864224948447074 ) ) ;
#61 = CARTESIAN_POINT ( 'NONE',  ( -24.34842733160717998, -10.59731167200827429, 7.960071691986500220 ) ) ;
#62 = CARTESIAN_POINT ( 'NONE',  ( -33.02272619397732711, 12.00000000000000000, 0.000000000000000000 ) ) ;
#63 = DIRECTION ( 'NONE',  ( 0.000000000000000000, 0.000000000000000000, -1.000000000000000000 ) ) ;
#64 = ORIENTED_EDGE ( 'NONE', *, *, #1161, .F. ) ;
#65 = EDGE_CURVE ( 'NONE', #138, #528, #1105, .T. ) ;
#66 = AXIS2_PLACEMENT_3D ( 'NONE', #666, #692, #1521 ) ;
#67 = FACE_BOUND ( 'NONE', #1439, .T. ) ;
#68 = CARTESIAN_POINT ( 'NONE',  ( -23.32786444985087471, 10.13564699409773340, 10.57995799209375676 ) ) ;
#69 = CARTESIAN_POINT ( 'NONE',  ( -30.97651212015101052, 7.878612125218705131, 23.38833388648292910 ) ) ;
#70 = CARTESIAN_POINT ( 'NONE',  ( -30.97651212015101052, -7.878612125218705131, 23.38833388648292555 ) ) ;
#71 = CARTESIAN_POINT ( 'NONE',  ( -23.00000000000000000, -10.63896241444342117, 7.723709209179710378 ) ) ;
#72 = FACE_OUTER_BOUND ( 'NONE', #774, .T. ) ;
#73 = ORIENTED_EDGE ( 'NONE', *, *, #1246, .T. ) ;
#74 = EDGE_CURVE ( 'NONE', #1354, #1096, #4, .T. ) ;
#75 = CARTESIAN_POINT ( 'NONE',  ( -32.96890151633450472, 5.908959093914029737, 23.21556190035749978 ) ) ;
#76 = CARTESIAN_POINT ( 'NONE',  ( 30.70477287638628638, 5.855721457571318567, 27.52965891172828705 ) ) ;
#77 = CARTESIAN_POINT ( 'NONE',  ( -4.765304951503631870, 2.769346540357446429, 7.254750810065198507 ) ) ;
#78 =( BOUNDED_CURVE ( )  B_SPLINE_CURVE ( 3, ( #929, #1359, #270, #101 ),
 .UNSPECIFIED., .F., .T. ) 
 B_SPLINE_CURVE_WITH_KNOTS ( ( 4, 4 ),
 ( 5.180828232642062048, 6.736498823797124835 ),
 .UNSPECIFIED. ) 
 CURVE ( )  GEOMETRIC_REPRESENTATION_ITEM ( )  RATIONAL_B_SPLINE_CURVE ( ( 1.000000000000000000, 0.8082895088279828943, 0.8082895088279828943, 1.000000000000000000 ) ) 
 REPRESENTATION_ITEM ( '' )  );
#79 = LINE ( 'NONE', #1467, #552 ) ;
#80 = ORIENTED_EDGE ( 'NONE', *, *, #1083, .T. ) ;
#81 = DIRECTION ( 'NONE',  ( 0.08584310619312005008, -0.1729011355768436398, -0.9811911936189370298 ) ) ;
#82 = LINE ( 'NONE', #235, #698 ) ;
#83 = ADVANCED_FACE ( 'NONE', ( #405 ), #396, .T. ) ;
#84 = ORIENTED_EDGE ( 'NONE', *, *, #926, .T. ) ;
#85 = PLANE ( 'NONE',  #1113 ) ;
#86 = ADVANCED_FACE ( 'NONE', ( #1099 ), #680, .T. ) ;
#87 = CARTESIAN_POINT ( 'NONE',  ( 4.141888046391549061, 3.636197805590120069, 7.445060780476777218 ) ) ;
#88 = EDGE_CURVE ( 'NONE', #1122, #1633, #127, .T. ) ;
#89 = CARTESIAN_POINT ( 'NONE',  ( 23.00000000000000000, -10.63896241444342117, 7.723709209179705937 ) ) ;
#90 = ORIENTED_EDGE ( 'NONE', *, *, #913, .T. ) ;
#91 = CARTESIAN_POINT ( 'NONE',  ( 27.00000000000000355, -9.879993056239577243, 12.03076044983080450 ) ) ;
#92 = CARTESIAN_POINT ( 'NONE',  ( 32.37534009422250847, 40.00000000000000000, 30.00000000000000000 ) ) ;
#93 = EDGE_CURVE ( 'NONE', #138, #1354, #670, .T. ) ;
#94 = VERTEX_POINT ( 'NONE', #1485 ) ;
#95 = CARTESIAN_POINT ( 'NONE',  ( 32.58404042115381571, 5.773642519587640187, 27.61454434752375775 ) ) ;
#96 = DIRECTION ( 'NONE',  ( -0.000000000000000000, -0.000000000000000000, 1.000000000000000000 ) ) ;
#97 = DIRECTION ( 'NONE',  ( -0.000000000000000000, -0.000000000000000000, 1.000000000000000000 ) ) ;
#98 = VECTOR ( 'NONE', #461, 999.9999999999998863 ) ;
#99 = ORIENTED_EDGE ( 'NONE', *, *, #1098, .F. ) ;
#100 = CIRCLE ( 'NONE', #875, 5.000000000000000888 ) ;
#101 = CARTESIAN_POINT ( 'NONE',  ( -33.02272619397732711, 12.00000000000000000, 0.000000000000000000 ) ) ;
#102 = ADVANCED_FACE ( 'NONE', ( #1237 ), #1216, .F. ) ;
#103 = ORIENTED_EDGE ( 'NONE', *, *, #1744, .T. ) ;
#104 = SURFACE_SIDE_STYLE ('',( #1306 ) ) ;
#105 = ORIENTED_EDGE ( 'NONE', *, *, #1056, .T. ) ;
#106 = CARTESIAN_POINT ( 'NONE',  ( 32.37534009422250136, 0.9122567968724988319, 30.00000000000000000 ) ) ;
#107 = CARTESIAN_POINT ( 'NONE',  ( -4.141200460130542105, 3.637271895030399715, 7.445293536812742197 ) ) ;
#108 = ORIENTED_EDGE ( 'NONE', *, *, #93, .F. ) ;
#109 = CARTESIAN_POINT ( 'NONE',  ( -26.81767408620658699, -10.11608271906105294, 10.69098267860882245 ) ) ;
#110 = EDGE_LOOP ( 'NONE', ( #536, #991, #543, #260 ) ) ;
#111 = DIRECTION ( 'NONE',  ( -1.000000000000000000, 0.000000000000000000, -0.000000000000000000 ) ) ;
#112 = ORIENTED_EDGE ( 'NONE', *, *, #1362, .F. ) ;
#113 = DIRECTION ( 'NONE',  ( 0.000000000000000000, -0.9848265156523381414, -0.1735417358103668040 ) ) ;
#114 = ORIENTED_EDGE ( 'NONE', *, *, #1689, .T. ) ;
#115 = DIRECTION ( 'NONE',  ( 0.000000000000000000, 0.1735417358103669427, 0.9848265156523382524 ) ) ;
#116 = CARTESIAN_POINT ( 'NONE',  ( -32.53506714237110486, -1.065814103640150279E-14, 28.17431148549530207 ) ) ;
#117 = ORIENTED_EDGE ( 'NONE', *, *, #12, .T. ) ;
#118 = LINE ( 'NONE', #1489, #874 ) ;
#119 = DIRECTION ( 'NONE',  ( -0.000000000000000000, -0.1735417358103662211, -0.9848265156523382524 ) ) ;
#120 = ORIENTED_EDGE ( 'NONE', *, *, #735, .T. ) ;
#121 = CARTESIAN_POINT ( 'NONE',  ( 27.00000000000000355, -7.910340024934900072, 11.68367697821007312 ) ) ;
#122 = CIRCLE ( 'NONE', #780, 2.000000000000000444 ) ;
#123 = EDGE_CURVE ( 'NONE', #681, #1603, #1317, .T. ) ;
#124 = ORIENTED_EDGE ( 'NONE', *, *, #909, .F. ) ;
#125 = CARTESIAN_POINT ( 'NONE',  ( 30.70477287638749786, -5.855721457571730681, 27.52965891172794599 ) ) ;
#126 = DIRECTION ( 'NONE',  ( -0.000000000000000000, 0.1735417358103662211, 0.9848265156523382524 ) ) ;
#127 = CIRCLE ( 'NONE', #1509, 2.000000000000001332 ) ;
#128 = B_SPLINE_CURVE_WITH_KNOTS ( 'NONE', 3,
 ( #645, #1340, #366, #1461, #1203, #1469, #234, #243, #1756, #1648, #1132, #683 ),
 .UNSPECIFIED., .F., .F.,
 ( 4, 2, 2, 2, 2, 4 ),
 ( 0.000000000000000000, 0.0009092629506211456943, 0.001818525901242291389, 0.002727788851863436649, 0.003182420327174008412, 0.003637051802484580175 ),
 .UNSPECIFIED. ) ;
#129 = ORIENTED_EDGE ( 'NONE', *, *, #204, .F. ) ;
#130 = CARTESIAN_POINT ( 'NONE',  ( 26.99999999848496657, -9.975919625144493708, 11.48638979356202405 ) ) ;
#131 = AXIS2_PLACEMENT_3D ( 'NONE', #1045, #1210, #509 ) ;
#132 = DIRECTION ( 'NONE',  ( 0.000000000000000000, 0.1735417358103661933, 0.9848265156523381414 ) ) ;
#133 = ORIENTED_EDGE ( 'NONE', *, *, #573, .F. ) ;
#134 = CARTESIAN_POINT ( 'NONE',  ( -5.499999999999995559, 6.735557395310437093E-16, 3.299999999999997158 ) ) ;
#135 = ORIENTED_EDGE ( 'NONE', *, *, #292, .F. ) ;
#136 = FACE_OUTER_BOUND ( 'NONE', #1218, .T. ) ;
#137 = CARTESIAN_POINT ( 'NONE',  ( -32.58762254853987628, -2.708346740472830305, 27.57360044419327494 ) ) ;
#138 = VERTEX_POINT ( 'NONE', #1376 ) ;
#139 = CARTESIAN_POINT ( 'NONE',  ( 25.00000000000000000, -7.857081786381034938, 11.33390629438273756 ) ) ;
#140 = ADVANCED_FACE ( 'NONE', ( #136, #541 ), #22, .F. ) ;
#141 = B_SPLINE_CURVE_WITH_KNOTS ( 'NONE', 3,
 ( #601, #439, #1698, #1162, #1147, #1000, #1406, #1025, #886, #309, #167, #707, #1265, #184, #1540, #317, #176, #717 ),
 .UNSPECIFIED., .F., .F.,
 ( 4, 2, 2, 2, 2, 2, 2, 2, 4 ),
 ( 0.000000000000000000, 0.0008312224524980316165, 0.001662444904996062582, 0.002078056131245079475, 0.002493667357494095717, 0.003324889809992136874, 0.004156112262490178032, 0.004987334714988218322, 0.006649779619984301504 ),
 .UNSPECIFIED. ) ;
#142 = CARTESIAN_POINT ( 'NONE',  ( 33.02272619397734843, -12.00000000000000000, 0.000000000000000000 ) ) ;
#143 =( BOUNDED_SURFACE ( )  B_SPLINE_SURFACE ( 3, 2, ( 
 ( #871, #1010, #1294 ),
 ( #50, #1429, #195 ),
 ( #740, #1286, #1026 ),
 ( #1551, #209, #586 ),
 ( #33, #1570, #718 ),
 ( #594, #1156, #468 ),
 ( #1017, #318, #755 ),
 ( #202, #748, #1417 ),
 ( #1712, #477, #1310 ),
 ( #69, #1130, #1679 ) ),
 .UNSPECIFIED., .F., .F., .F. ) 
 B_SPLINE_SURFACE_WITH_KNOTS ( ( 4, 2, 2, 2, 4 ),
 ( 3, 3 ),
 ( 0.000000000000000000, 0.3490928711148825747, 0.6981857422297651494, 1.047278613344647669, 1.396371484459530299 ),
 ( 0.000000000000000000, 1.000000000000000000 ),
 .UNSPECIFIED. ) 
 GEOMETRIC_REPRESENTATION_ITEM ( )  RATIONAL_B_SPLINE_SURFACE ( (
 ( 1.000000000000000000, 0.7372773368101213087, 1.000000000000000000),
 ( 1.000000000000000000, 0.7372793325972699652, 1.000000000000000000),
 ( 1.000000000000000000, 0.7366717540503870953, 1.000000000000000000),
 ( 1.000000000000000000, 0.7343134959287753727, 1.000000000000000000),
 ( 1.000000000000000000, 0.7325611097960597062, 1.000000000000000000),
 ( 1.000000000000000000, 0.7280977448151192410, 1.000000000000000000),
 ( 1.000000000000000000, 0.7253873848671007485, 1.000000000000000000),
 ( 1.000000000000000000, 0.7193075675250703016, 1.000000000000000000),
 ( 1.000000000000000000, 0.7159402090282478426, 1.000000000000000000),
 ( 1.000000000000000000, 0.7124342632419742305, 1.000000000000000000) ) ) 
 REPRESENTATION_ITEM ( '' )  SURFACE ( )  );
#144 = DIRECTION ( 'NONE',  ( 0.000000000000000000, 0.000000000000000000, -1.000000000000000000 ) ) ;
#145 = CARTESIAN_POINT ( 'NONE',  ( -23.00000000000000000, -8.669309383138742220, 7.376625737558973661 ) ) ;
#146 = CARTESIAN_POINT ( 'NONE',  ( -32.38915198634659731, -1.825718699827745262, 29.84212935059362337 ) ) ;
#147 = VERTEX_POINT ( 'NONE', #300 ) ;
#148 = CARTESIAN_POINT ( 'NONE',  ( 24.04047761413857032, -7.669875434758055555, 9.448525563138703731 ) ) ;
#149 = B_SPLINE_CURVE_WITH_KNOTS ( 'NONE', 3,
 ( #310, #384, #1321, #1335, #508, #1458, #1065, #793, #77, #1329, #107, #1356, #613, #1722, #651, #491, #925, #894, #484, #1034, #351, #1614, #1466, #1055, #1752, #1486, #915, #1729, #1072, #937, #239, #1739, #1042, #87, #1449, #771, #623, #377, #801, #1605, #630, #515, #779, #1182 ),
 .UNSPECIFIED., .F., .F.,
 ( 4, 2, 2, 2, 2, 2, 2, 2, 2, 2, 2, 2, 2, 2, 2, 2, 2, 2, 2, 2, 2, 4 ),
 ( 0.01734820870276145011, 0.01789022104050750142, 0.01843223337825355621, 0.01951625805374565883, 0.02060028272923776493, 0.02168430740472986756, 0.02276833208022197366, 0.02331034441796802498, 0.02385235675571407976, 0.02493638143120618239, 0.02602040610669828849, 0.02710443078219039459, 0.02764644311993644937, 0.02818845545768249722, 0.02873046779542855200, 0.02927248013317460679, 0.03035650480866670248, 0.03144052948415880511, 0.03252455415965091468, 0.03306656649739696252, 0.03360857883514301037, 0.03469260351063511300 ),
 .UNSPECIFIED. ) ;
#150 = DIRECTION ( 'NONE',  ( 7.526173079300196726E-17, 0.1735417358103667207, 0.9848265156523382524 ) ) ;
#151 = FACE_OUTER_BOUND ( 'NONE', #1542, .T. ) ;
#152 = ADVANCED_FACE ( 'NONE', ( #1274 ), #1240, .T. ) ;
#153 = DIRECTION ( 'NONE',  ( -0.000000000000000000, -1.000000000000000000, -0.000000000000000000 ) ) ;
#154 = ADVANCED_FACE ( 'NONE', ( #1315 ), #174, .F. ) ;
#155 = CARTESIAN_POINT ( 'NONE',  ( 32.54583598311411663, -1.396199671946106724, 28.05122307256294079 ) ) ;
#156 = CARTESIAN_POINT ( 'NONE',  ( -25.00000000000000000, -7.910340024934901848, 11.68367697821007134 ) ) ;
#157 = CARTESIAN_POINT ( 'NONE',  ( 24.95583189834664495, -7.814013549656651847, 11.00222071810283531 ) ) ;
#158 = VERTEX_POINT ( 'NONE', #91 ) ;
#159 = DIRECTION ( 'NONE',  ( 0.000000000000000000, 0.9848265156523382524, 0.1735417358103659713 ) ) ;
#160 = TOROIDAL_SURFACE ( 'NONE', #1164, 13.00000000000000000, 2.000000000000000000 ) ;
#161 = CARTESIAN_POINT ( 'NONE',  ( 23.00000000000000000, -7.649390632181242822, 9.097022709610861568 ) ) ;
#162 = CIRCLE ( 'NONE', #1079, 5.499999999999996447 ) ;
#163 = AXIS2_PLACEMENT_3D ( 'NONE', #52, #596, #1158 ) ;
#164 = CARTESIAN_POINT ( 'NONE',  ( -4.142919572830166430, -3.635056696655563968, 7.444770228294116166 ) ) ;
#165 = CARTESIAN_POINT ( 'NONE',  ( -24.84534217916646881, -10.55706438216284759, 8.188469766016561735 ) ) ;
#166 = CARTESIAN_POINT ( 'NONE',  ( 35.00000000000001421, 9.999901859942594839, 0.000000000000000000 ) ) ;
#167 = CARTESIAN_POINT ( 'NONE',  ( -25.72247156281905944, 10.44192458317617067, 8.841872974872705626 ) ) ;
#168 = CARTESIAN_POINT ( 'NONE',  ( 26.24572485745514072, -10.33093646264883958, 9.471715954760680845 ) ) ;
#169 = ORIENTED_EDGE ( 'NONE', *, *, #847, .F. ) ;
#170 = CARTESIAN_POINT ( 'NONE',  ( -25.00000000000000000, 0.000000000000000000, 22.00000000000000000 ) ) ;
#171 = CARTESIAN_POINT ( 'NONE',  ( 25.00000000000000000, 7.910340024934900072, 11.68367697821007134 ) ) ;
#172 = CARTESIAN_POINT ( 'NONE',  ( -5.428270007370593397, -0.9039087678534287740, 7.026189613814339374 ) ) ;
#173 = ADVANCED_FACE ( 'NONE', ( #1500 ), #1736, .T. ) ;
#174 = CYLINDRICAL_SURFACE ( 'NONE', #247, 5.000000000000000888 ) ;
#175 = CARTESIAN_POINT ( 'NONE',  ( 35.00000000000001421, 9.999901859942594839, 0.000000000000000000 ) ) ;
#176 = CARTESIAN_POINT ( 'NONE',  ( -27.00000000000000711, 9.976093577299188553, 11.48540263797321614 ) ) ;
#177 = DIRECTION ( 'NONE',  ( -0.08584310619312049417, -0.1729011355768436120, -0.9811911936189370298 ) ) ;
#178 = ORIENTED_EDGE ( 'NONE', *, *, #462, .T. ) ;
#179 = CARTESIAN_POINT ( 'NONE',  ( 26.63469703116609821, 10.20549164298043543, 10.18359880002430096 ) ) ;
#180 = LINE ( 'NONE', #721, #530 ) ;
#181 = DIRECTION ( 'NONE',  ( 1.000000000000000000, -0.000000000000000000, 0.000000000000000000 ) ) ;
#182 = CARTESIAN_POINT ( 'NONE',  ( -23.06300721056786784, -10.13708054366543188, 10.57182278693108124 ) ) ;
#183 = CARTESIAN_POINT ( 'NONE',  ( 26.08189988121394975, 10.37075253732689895, 9.245764970065014410 ) ) ;
#184 = CARTESIAN_POINT ( 'NONE',  ( -26.51979275457709306, 10.24883306136018390, 9.937641953695383279 ) ) ;
#185 = CARTESIAN_POINT ( 'NONE',  ( -25.00000000000000355, 9.879993056239575466, 12.03076044983080095 ) ) ;
#186 = CARTESIAN_POINT ( 'NONE',  ( 23.06188106195710219, -10.13708054367623390, 10.57182278685868404 ) ) ;
#187 = ORIENTED_EDGE ( 'NONE', *, *, #1438, .T. ) ;
#188 = CARTESIAN_POINT ( 'NONE',  ( 24.36102722847660118, 7.690073402455417373, 9.740834436025640031 ) ) ;
#189 = FACE_OUTER_BOUND ( 'NONE', #1478, .T. ) ;
#190 = CARTESIAN_POINT ( 'NONE',  ( -1.780213748285032205, -5.216563696331429689, 7.935524823587668308 ) ) ;
#191 = TOROIDAL_SURFACE ( 'NONE', #789, 13.00000000000000000, 2.000000000000000000 ) ;
#192 = CARTESIAN_POINT ( 'NONE',  ( 5.499999999999994671, 0.000000000000000000, 6.999999999999999112 ) ) ;
#193 = VECTOR ( 'NONE', #32, 1000.000000000000000 ) ;
#194 = CARTESIAN_POINT ( 'NONE',  ( -26.63383032620235724, 10.20590634385532169, 10.18124542712673630 ) ) ;
#195 = CARTESIAN_POINT ( 'NONE',  ( -32.53506714237073538, 0.6982644976410022908, 28.17431148549953690 ) ) ;
#196 = CARTESIAN_POINT ( 'NONE',  ( -30.97651212015101052, 7.878612125218705131, 23.38833388648292910 ) ) ;
#197 = DIRECTION ( 'NONE',  ( -1.000000000000000000, 0.000000000000000000, -0.000000000000000000 ) ) ;
#198 = FACE_OUTER_BOUND ( 'NONE', #1326, .T. ) ;
#199 = ORIENTED_EDGE ( 'NONE', *, *, #704, .T. ) ;
#200 =( BOUNDED_SURFACE ( )  B_SPLINE_SURFACE ( 3, 2, ( 
 ( #629, #483, #376 ),
 ( #1578, #1594, #1041 ),
 ( #1604, #362, #622 ),
 ( #1334, #1738, #1586 ),
 ( #76, #95, #924 ),
 ( #906, #499, #1181 ),
 ( #1457, #1054, #368 ),
 ( #639, #1199, #249 ),
 ( #1345, #106, #1207 ),
 ( #1515, #1355, #287 ),
 ( #1505, #415, #155 ),
 ( #1108, #383, #962 ),
 ( #809, #832, #1660 ),
 ( #125, #1247, #524 ),
 ( #1390, #945, #970 ),
 ( #1771, #686, #693 ),
 ( #1522, #1364, #1 ),
 ( #1254, #1384, #825 ) ),
 .UNSPECIFIED., .F., .F., .T. ) 
 B_SPLINE_SURFACE_WITH_KNOTS ( ( 4, 2, 2, 2, 2, 2, 2, 2, 4 ),
 ( 3, 3 ),
 ( 1.745221169130262817, 2.094314040245145225, 2.443406911360027856, 2.792499782474910486, 3.141592653589793116, 3.490685524704675746, 3.839778395819558376, 4.188871266934441451, 4.537964138049323637 ),
 ( 0.000000000000000000, 1.000000000000000000 ),
 .UNSPECIFIED. ) 
 GEOMETRIC_REPRESENTATION_ITEM ( )  RATIONAL_B_SPLINE_SURFACE ( (
 ( 1.000000000000000000, 0.7124342632419735644, 1.000000000000000000),
 ( 1.000000000000000000, 0.7159402090279567421, 1.000000000000000000),
 ( 1.000000000000000000, 0.7193075675254584356, 1.000000000000000000),
 ( 1.000000000000000000, 0.7253873848667115043, 1.000000000000000000),
 ( 1.000000000000000000, 0.7280977448155058207, 1.000000000000000000),
 ( 1.000000000000000000, 0.7325611097956729045, 1.000000000000000000),
 ( 1.000000000000000000, 0.7343134959291255370, 1.000000000000000000),
 ( 1.000000000000000000, 0.7366717540500391515, 1.000000000000000000),
 ( 1.000000000000000000, 0.7372773368101218638, 1.000000000000000000),
 ( 1.000000000000000000, 0.7372773368101218638, 1.000000000000000000),
 ( 1.000000000000000000, 0.7366717540501936945, 1.000000000000000000),
 ( 1.000000000000000000, 0.7343134959289698838, 1.000000000000000000),
 ( 1.000000000000000000, 0.7325611097959053852, 1.000000000000000000),
 ( 1.000000000000000000, 0.7280977448152724518, 1.000000000000000000),
 ( 1.000000000000000000, 0.7253873848664860180, 1.000000000000000000),
 ( 1.000000000000000000, 0.7193075675256830337, 1.000000000000000000),
 ( 1.000000000000000000, 0.7159402090277877662, 1.000000000000000000),
 ( 1.000000000000000000, 0.7124342632419735644, 1.000000000000000000) ) ) 
 REPRESENTATION_ITEM ( '' )  SURFACE ( )  );
#201 = CARTESIAN_POINT ( 'NONE',  ( -33.51269272005939115, 0.000000000000000000, 16.99999999999999645 ) ) ;
#202 = CARTESIAN_POINT ( 'NONE',  ( -30.85808278620233125, 7.393919261984127189, 25.19320519478425879 ) ) ;
#203 = CARTESIAN_POINT ( 'NONE',  ( 24.71558462601548101, 9.984627384864944943, 11.43697440293636802 ) ) ;
#204 = EDGE_CURVE ( 'NONE', #25, #1492, #78, .T. ) ;
#205 = CARTESIAN_POINT ( 'NONE',  ( -32.53506714237110486, 0.000000000000000000, 28.17431148549530562 ) ) ;
#206 = ORIENTED_EDGE ( 'NONE', *, *, #485, .T. ) ;
#207 = CARTESIAN_POINT ( 'NONE',  ( -25.00000000000000000, 0.000000000000000000, 16.99999999999999645 ) ) ;
#208 = CARTESIAN_POINT ( 'NONE',  ( -23.25839772375976722, 10.13630089564276560, 10.57624718686633436 ) ) ;
#209 = CARTESIAN_POINT ( 'NONE',  ( -32.44274816461397393, 3.546197889116431412, 29.22952222979778725 ) ) ;
#210 = CARTESIAN_POINT ( 'NONE',  ( 26.52050410153368176, 10.24864325275797228, 9.938719092537466437 ) ) ;
#211 = CARTESIAN_POINT ( 'NONE',  ( -26.99999999973866949, -9.927787376895389926, 11.75953396900967718 ) ) ;
#212 = EDGE_CURVE ( 'NONE', #979, #44, #1046, .T. ) ;
#213 = AXIS2_PLACEMENT_3D ( 'NONE', #1260, #291, #1103 ) ;
#214 = EDGE_LOOP ( 'NONE', ( #1401, #1768, #35, #1003, #1386, #1643 ) ) ;
#215 = AXIS2_PLACEMENT_3D ( 'NONE', #283, #153, #969 ) ;
#216 = AXIS2_PLACEMENT_3D ( 'NONE', #277, #558, #1668 ) ;
#217 = DIRECTION ( 'NONE',  ( -1.000000000000000000, 0.000000000000000000, -0.000000000000000000 ) ) ;
#218 = CARTESIAN_POINT ( 'NONE',  ( -23.27616192481340818, 7.650278660064477876, 9.114305784333144089 ) ) ;
#219 = CARTESIAN_POINT ( 'NONE',  ( -32.86012231878860490, -7.670072120487746226, 24.45891381767565065 ) ) ;
#220 = CIRCLE ( 'NONE', #1375, 1.999999999999999334 ) ;
#221 = DIRECTION ( 'NONE',  ( 1.000000000000000000, -0.000000000000000000, -0.000000000000000000 ) ) ;
#222 = VERTEX_POINT ( 'NONE', #1641 ) ;
#223 = EDGE_CURVE ( 'NONE', #1481, #681, #1332, .T. ) ;
#224 = CARTESIAN_POINT ( 'NONE',  ( -24.81734851557878940, -7.761696098018574297, 10.53539363773860948 ) ) ;
#225 = FILL_AREA_STYLE_COLOUR ( '', #965 ) ;
#226 = ORIENTED_EDGE ( 'NONE', *, *, #232, .T. ) ;
#227 = PRODUCT ( 'Pieza1', 'Pieza1', '', ( #1063 ) ) ;
#228 = FILL_AREA_STYLE_COLOUR ( '', #848 ) ;
#229 = CARTESIAN_POINT ( 'NONE',  ( -23.44347813820262516, 10.13322978358451110, 10.59367534369331132 ) ) ;
#230 = CARTESIAN_POINT ( 'NONE',  ( -32.96890151633450472, -5.908959093914029737, 23.21556190035749623 ) ) ;
#231 = CARTESIAN_POINT ( 'NONE',  ( 27.00000000000000355, 5.908959093914029737, 23.04125041486219416 ) ) ;
#232 = EDGE_CURVE ( 'NONE', #341, #1726, #784, .T. ) ;
#233 = ORIENTED_EDGE ( 'NONE', *, *, #356, .F. ) ;
#234 = CARTESIAN_POINT ( 'NONE',  ( -24.13651337512654393, 7.672444381369453836, 9.493950060792725409 ) ) ;
#235 = CARTESIAN_POINT ( 'NONE',  ( -25.00000000000000000, 7.649390632181243710, 9.097022709610859792 ) ) ;
#236 = EDGE_LOOP ( 'NONE', ( #1338, #1627, #1268, #1308 ) ) ;
#237 = DIRECTION ( 'NONE',  ( 0.000000000000000000, 0.000000000000000000, 1.000000000000000000 ) ) ;
#238 = CARTESIAN_POINT ( 'NONE',  ( -24.04047761413884388, 7.669875434757867261, 9.448525563138773009 ) ) ;
#239 = CARTESIAN_POINT ( 'NONE',  ( 2.916432514748265703, 4.666538958298823481, 7.743968794903894448 ) ) ;
#240 = EDGE_CURVE ( 'NONE', #1351, #731, #1137, .T. ) ;
#241 = CARTESIAN_POINT ( 'NONE',  ( -25.72102648682814063, -10.44212495776791272, 8.840735875430366875 ) ) ;
#242 = ORIENTED_EDGE ( 'NONE', *, *, #1432, .T. ) ;
#243 = CARTESIAN_POINT ( 'NONE',  ( -23.73980556232038808, 7.658297197632093045, 9.260721771068782360 ) ) ;
#244 = VERTEX_POINT ( 'NONE', #1620 ) ;
#245 = AXIS2_PLACEMENT_3D ( 'NONE', #266, #13, #1637 ) ;
#246 = VERTEX_POINT ( 'NONE', #626 ) ;
#247 = AXIS2_PLACEMENT_3D ( 'NONE', #715, #1601, #1195 ) ;
#248 = CARTESIAN_POINT ( 'NONE',  ( 25.00000000000000000, 5.908959093914029737, 23.04125041486219416 ) ) ;
#249 = CARTESIAN_POINT ( 'NONE',  ( 32.54583598311421611, 1.396199671946093179, 28.05122307256174707 ) ) ;
#250 = CARTESIAN_POINT ( 'NONE',  ( -32.74466778766082342, -4.847351737668525118, 25.77856514714105174 ) ) ;
#251 = VECTOR ( 'NONE', #177, 1000.000000000000114 ) ;
#252 = CARTESIAN_POINT ( 'NONE',  ( -27.00000000000000355, 12.00000000000000000, 0.000000000000000000 ) ) ;
#253 = AXIS2_PLACEMENT_3D ( 'NONE', #121, #678, #1778 ) ;
#254 = VERTEX_POINT ( 'NONE', #1076 ) ;
#255 = CARTESIAN_POINT ( 'NONE',  ( 35.02968619771558423, -10.05969439918776764, -0.3393147925590531688 ) ) ;
#256 = ORIENTED_EDGE ( 'NONE', *, *, #1556, .T. ) ;
#257 = ORIENTED_EDGE ( 'NONE', *, *, #838, .T. ) ;
#258 = CARTESIAN_POINT ( 'NONE',  ( 27.00000000000000355, -5.908959093914033289, 23.04125041486219416 ) ) ;
#259 = CARTESIAN_POINT ( 'NONE',  ( -30.62624059440951285, -4.429542652614144593, 28.72649636567133768 ) ) ;
#260 = ORIENTED_EDGE ( 'NONE', *, *, #782, .F. ) ;
#261 = DIRECTION ( 'NONE',  ( 0.000000000000000000, 0.1735417358103662211, 0.9848265156523382524 ) ) ;
#262 = CARTESIAN_POINT ( 'NONE',  ( -25.00000000000000000, -8.110956865248066805, 10.54520280711678559 ) ) ;
#263 = ORIENTED_EDGE ( 'NONE', *, *, #337, .F. ) ;
#264 = CARTESIAN_POINT ( 'NONE',  ( -34.99999999999999289, 12.00000000000000000, 0.000000000000000000 ) ) ;
#265 = ORIENTED_EDGE ( 'NONE', *, *, #573, .T. ) ;
#266 = CARTESIAN_POINT ( 'NONE',  ( 23.00000000000000000, 0.000000000000000000, 22.00000000000000000 ) ) ;
#267 = CARTESIAN_POINT ( 'NONE',  ( -32.61862999059313495, -3.322156989460855137, 27.21918375974962956 ) ) ;
#268 = ORIENTED_EDGE ( 'NONE', *, *, #485, .F. ) ;
#269 = CARTESIAN_POINT ( 'NONE',  ( 23.61005646376353440, -10.12770562478444347, 10.62502421799972652 ) ) ;
#270 = CARTESIAN_POINT ( 'NONE',  ( -34.18458514990512498, 12.00000000000000355, 0.000000000000000000 ) ) ;
#271 =( BOUNDED_CURVE ( )  B_SPLINE_CURVE ( 3, ( #1776, #797, #775, #1491 ),
 .UNSPECIFIED., .F., .T. ) 
 B_SPLINE_CURVE_WITH_KNOTS ( ( 4, 4 ),
 ( 4.886813822720055711, 6.283185307179586232 ),
 .UNSPECIFIED. ) 
 CURVE ( )  GEOMETRIC_REPRESENTATION_ITEM ( )  RATIONAL_B_SPLINE_CURVE ( ( 1.000000000000000000, 0.8440064698916445174, 0.8440064698916445174, 1.000000000000000000 ) ) 
 REPRESENTATION_ITEM ( '' )  );
#272 = ORIENTED_EDGE ( 'NONE', *, *, #1422, .T. ) ;
#273 = CARTESIAN_POINT ( 'NONE',  ( 25.00000000000000000, -7.910340024934901848, 11.68367697821007312 ) ) ;
#274 = EDGE_CURVE ( 'NONE', #519, #246, #271, .T. ) ;
#275 = ORIENTED_EDGE ( 'NONE', *, *, #1362, .T. ) ;
#276 = ADVANCED_FACE ( 'NONE', ( #1609, #664 ), #941, .F. ) ;
#277 = CARTESIAN_POINT ( 'NONE',  ( -27.00000000000000355, 0.000000000000000000, 22.00000000000000000 ) ) ;
#278 = VERTEX_POINT ( 'NONE', #1767 ) ;
#279 = VECTOR ( 'NONE', #1553, 999.9999999999998863 ) ;
#280 = CARTESIAN_POINT ( 'NONE',  ( 27.00000000000000000, -9.879993056239577243, 12.03076044983080450 ) ) ;
#281 = CIRCLE ( 'NONE', #131, 2.000000000000000000 ) ;
#282 = CARTESIAN_POINT ( 'NONE',  ( 23.06300721056645031, 10.13708054366471067, 10.57182278693108302 ) ) ;
#283 = CARTESIAN_POINT ( 'NONE',  ( -30.54267774618761067, 0.000000000000000000, 27.99999999999999645 ) ) ;
#284 = AXIS2_PLACEMENT_3D ( 'NONE', #456, #1276, #728 ) ;
#285 = EDGE_CURVE ( 'NONE', #1230, #1764, #7, .T. ) ;
#286 = EDGE_CURVE ( 'NONE', #1518, #560, #804, .T. ) ;
#287 = CARTESIAN_POINT ( 'NONE',  ( 32.53506714237113329, -0.6981857389974153172, 28.17431148549530562 ) ) ;
#288 = CARTESIAN_POINT ( 'NONE',  ( -24.60835029615860847, -7.718187996364979320, 10.08521316302118720 ) ) ;
#289 = ORIENTED_EDGE ( 'NONE', *, *, #807, .F. ) ;
#290 = CARTESIAN_POINT ( 'NONE',  ( 24.43555728570276031, -10.04494234203589542, 11.09469495738974842 ) ) ;
#291 = DIRECTION ( 'NONE',  ( 1.000000000000000000, -0.000000000000000000, -0.000000000000000000 ) ) ;
#292 = EDGE_CURVE ( 'NONE', #1202, #908, #1002, .T. ) ;
#293 = CARTESIAN_POINT ( 'NONE',  ( 0.000000000000000000, 0.000000000000000000, 8.673617379884035472E-16 ) ) ;
#294 = DIRECTION ( 'NONE',  ( 0.000000000000000000, 0.000000000000000000, -1.000000000000000000 ) ) ;
#295 = CARTESIAN_POINT ( 'NONE',  ( 25.00000000000000000, 0.000000000000000000, 22.00000000000000000 ) ) ;
#296 = CARTESIAN_POINT ( 'NONE',  ( 23.67382544678065770, -7.656663261915804597, 9.231724617969991442 ) ) ;
#297 = CARTESIAN_POINT ( 'NONE',  ( 22.99999999999998934, 10.13708054367529066, 10.57182278687120736 ) ) ;
#298 = CARTESIAN_POINT ( 'NONE',  ( -40.00000000000000000, 7.878612125218705131, 23.38833388648292910 ) ) ;
#299 = AXIS2_PLACEMENT_3D ( 'NONE', #690, #16, #1114 ) ;
#300 = CARTESIAN_POINT ( 'NONE',  ( -27.00000000000000355, 9.879993056239575466, 12.03076044983080273 ) ) ;
#301 = FACE_OUTER_BOUND ( 'NONE', #367, .T. ) ;
#302 = CARTESIAN_POINT ( 'NONE',  ( 24.33635009651551684, -10.06095904811208008, 11.00380225792895494 ) ) ;
#303 = CARTESIAN_POINT ( 'NONE',  ( 23.13867630050182811, 7.649390633093672065, 9.097022710151787095 ) ) ;
#304 = VECTOR ( 'NONE', #96, 1000.000000000000000 ) ;
#305 = AXIS2_PLACEMENT_3D ( 'NONE', #53, #181, #306 ) ;
#306 = DIRECTION ( 'NONE',  ( 0.000000000000000000, 0.000000000000000000, -1.000000000000000000 ) ) ;
#307 = CARTESIAN_POINT ( 'NONE',  ( -25.00000000000000000, -7.910340024934901848, 11.68367697821007134 ) ) ;
#308 = CARTESIAN_POINT ( 'NONE',  ( 30.97651212015104605, -7.878612125218705131, 23.38833388648292555 ) ) ;
#309 = CARTESIAN_POINT ( 'NONE',  ( -25.52261286903388537, 10.47431082228270149, 8.658085329408450548 ) ) ;
#310 = CARTESIAN_POINT ( 'NONE',  ( -5.499999999999994671, -2.646834576811555588E-19, 6.999999999999998224 ) ) ;
#311 = ORIENTED_EDGE ( 'NONE', *, *, #1242, .T. ) ;
#312 = CARTESIAN_POINT ( 'NONE',  ( -23.00000000000000000, 0.000000000000000000, 22.00000000000000000 ) ) ;
#313 = DIRECTION ( 'NONE',  ( 0.000000000000000000, 5.329070518200751394E-15, -1.000000000000000000 ) ) ;
#314 = DIRECTION ( 'NONE',  ( 0.000000000000000000, -0.1735417358103662211, -0.9848265156523382524 ) ) ;
#315 = DIRECTION ( 'NONE',  ( 1.000000000000000000, -0.000000000000000000, 0.000000000000000000 ) ) ;
#316 = LINE ( 'NONE', #464, #964 ) ;
#317 = CARTESIAN_POINT ( 'NONE',  ( -26.91177623318371204, 10.06994789315510097, 10.95279174508510245 ) ) ;
#318 = CARTESIAN_POINT ( 'NONE',  ( -32.64570027177978062, 6.383690907241939883, 26.90976902991944897 ) ) ;
#319 = VERTEX_POINT ( 'NONE', #1087 ) ;
#320 = CARTESIAN_POINT ( 'NONE',  ( 24.13521388976810300, 10.08793816937685683, 10.85069929473472072 ) ) ;
#321 = DIRECTION ( 'NONE',  ( 0.000000000000000000, 0.000000000000000000, -1.000000000000000000 ) ) ;
#322 = CARTESIAN_POINT ( 'NONE',  ( -5.320742298756383271, -1.439571715584146094, 7.064946352829386100 ) ) ;
#323 = CARTESIAN_POINT ( 'NONE',  ( 26.51956126635714739, 10.24896872241043333, 9.936872095085890422 ) ) ;
#324 =( BOUNDED_CURVE ( )  B_SPLINE_CURVE ( 3, ( #753, #608, #1718, #205 ),
 .UNSPECIFIED., .F., .T. ) 
 B_SPLINE_CURVE_WITH_KNOTS ( ( 4, 4 ),
 ( 4.886813822720055711, 6.283185307179586232 ),
 .UNSPECIFIED. ) 
 CURVE ( )  GEOMETRIC_REPRESENTATION_ITEM ( )  RATIONAL_B_SPLINE_CURVE ( ( 1.000000000000000000, 0.8440064698916445174, 0.8440064698916445174, 1.000000000000000000 ) ) 
 REPRESENTATION_ITEM ( '' )  );
#325 = CARTESIAN_POINT ( 'NONE',  ( -23.00000000000000000, 10.63896241444342117, 7.723709209179705937 ) ) ;
#326 = CYLINDRICAL_SURFACE ( 'NONE', #1138, 2.749999999999999112 ) ;
#327 = PLANE ( 'NONE',  #299 ) ;
#328 = CARTESIAN_POINT ( 'NONE',  ( 24.43645696741682727, 10.04476370542205110, 11.09570869666512749 ) ) ;
#329 = CARTESIAN_POINT ( 'NONE',  ( 5.214547985916155426, -1.785564522016724220, 7.102868819563299851 ) ) ;
#330 = CIRCLE ( 'NONE', #1313, 1.999999999999999112 ) ;
#331 = CARTESIAN_POINT ( 'NONE',  ( 24.43821928698156754, 7.697243353608104854, 9.834371843272609937 ) ) ;
#332 = AXIS2_PLACEMENT_3D ( 'NONE', #1602, #1582, #495 ) ;
#333 = PRESENTATION_LAYER_ASSIGNMENT (  '', '', ( #1746 ) ) ;
#334 = CARTESIAN_POINT ( 'NONE',  ( 32.21301258294473513, 4.386483256902198313, 31.85541194408213173 ) ) ;
#335 = CARTESIAN_POINT ( 'NONE',  ( -24.88344940540639882, 9.939916283734101299, 11.69070401865492848 ) ) ;
#336 = CARTESIAN_POINT ( 'NONE',  ( 23.13624869427620467, -7.649390632032938342, 9.097022709522931905 ) ) ;
#337 = EDGE_CURVE ( 'NONE', #254, #1189, #128, .T. ) ;
#338 = DIRECTION ( 'NONE',  ( 0.000000000000000000, 0.000000000000000000, -1.000000000000000000 ) ) ;
#339 = CARTESIAN_POINT ( 'NONE',  ( -2.765957381146035399, -4.767249157376621582, 7.776189246443517611 ) ) ;
#340 = CARTESIAN_POINT ( 'NONE',  ( 25.51939809288076688, 10.47484606709076793, 8.655047885551566011 ) ) ;
#341 = VERTEX_POINT ( 'NONE', #676 ) ;
#342 = CARTESIAN_POINT ( 'NONE',  ( 32.63780608480026046, 6.123233995736766282E-16, 27.00000000000000000 ) ) ;
#343 = CARTESIAN_POINT ( 'NONE',  ( -23.56718015969595115, 10.12941023046650990, 10.61535080505172246 ) ) ;
#344 = CARTESIAN_POINT ( 'NONE',  ( 23.54442787878284449, -7.653929175692394615, 9.181921746338185031 ) ) ;
#345 = ADVANCED_FACE ( 'NONE', ( #846 ), #1233, .F. ) ;
#346 = CARTESIAN_POINT ( 'NONE',  ( -30.71401702277676193, -7.173671799670876759, 27.38877747609135227 ) ) ;
#347 = CARTESIAN_POINT ( 'NONE',  ( -24.98889021229361873, -7.859790826123409069, 11.33966973643964415 ) ) ;
#348 = PLANE ( 'NONE',  #1779 ) ;
#349 = FILL_AREA_STYLE ('',( #228 ) ) ;
#350 = CARTESIAN_POINT ( 'NONE',  ( -24.36050395031475091, 7.690009111297818833, 9.740062013997528467 ) ) ;
#351 = CARTESIAN_POINT ( 'NONE',  ( -0.3604656288045942625, 5.500130392682915925, 8.044765652872868600 ) ) ;
#352 = ADVANCED_FACE ( 'NONE', ( #1785, #829 ), #435, .T. ) ;
#353 = DIRECTION ( 'NONE',  ( 0.000000000000000000, 0.1735417358103663044, -0.9848265156523382524 ) ) ;
#354 = ORIENTED_EDGE ( 'NONE', *, *, #516, .F. ) ;
#355 = CARTESIAN_POINT ( 'NONE',  ( -24.43645696741632634, -10.04476370542277586, 11.09570869666559645 ) ) ;
#356 = EDGE_CURVE ( 'NONE', #531, #1213, #604, .T. ) ;
#357 = CARTESIAN_POINT ( 'NONE',  ( 32.48461888546584220, -8.946516608520212799, 5.803511209164496698 ) ) ;
#358 = ORIENTED_EDGE ( 'NONE', *, *, #985, .F. ) ;
#359 = CIRCLE ( 'NONE', #1710, 2.750000000000000000 ) ;
#360 = AXIS2_PLACEMENT_3D ( 'NONE', #539, #1794, #144 ) ;
#361 = DIRECTION ( 'NONE',  ( -0.000000000000000000, -0.000000000000000000, 1.000000000000000000 ) ) ;
#362 = CARTESIAN_POINT ( 'NONE',  ( 32.78364565927249430, 7.332716110312004432, 25.33304603598623217 ) ) ;
#363 = FACE_OUTER_BOUND ( 'NONE', #391, .T. ) ;
#364 = CARTESIAN_POINT ( 'NONE',  ( -26.63381888729112390, -10.20584720179690130, 10.18158105052621387 ) ) ;
#365 = ORIENTED_EDGE ( 'NONE', *, *, #292, .T. ) ;
#366 = CARTESIAN_POINT ( 'NONE',  ( -24.96719854270251204, 7.824385562432152774, 11.08261407482599203 ) ) ;
#367 = EDGE_LOOP ( 'NONE', ( #1663, #1788, #1562, #1472 ) ) ;
#368 = CARTESIAN_POINT ( 'NONE',  ( 32.58762254853991180, 2.708346740472979963, 27.57360044419327494 ) ) ;
#369 = CARTESIAN_POINT ( 'NONE',  ( -30.75227839147743580, -6.463135650224439033, 26.80567154886146497 ) ) ;
#370 = DIRECTION ( 'NONE',  ( 0.000000000000000000, 0.9848265156523382524, 0.1735417358103663321 ) ) ;
#371 = ORIENTED_EDGE ( 'NONE', *, *, #1554, .T. ) ;
#372 = CARTESIAN_POINT ( 'NONE',  ( -32.53506714237110486, 3.046559616867067000, 28.17431148549530562 ) ) ;
#373 = ORIENTED_EDGE ( 'NONE', *, *, #1532, .F. ) ;
#374 = VERTEX_POINT ( 'NONE', #993 ) ;
#375 = SHAPE_DEFINITION_REPRESENTATION ( #1576, #408 ) ;
#376 = CARTESIAN_POINT ( 'NONE',  ( 32.96890151633454025, 5.908959093914030625, 23.21556190035749978 ) ) ;
#377 = CARTESIAN_POINT ( 'NONE',  ( 5.146669177875612178, 1.947936779214188396, 7.126065102857499944 ) ) ;
#378 = CARTESIAN_POINT ( 'NONE',  ( 25.08309377186125033, -10.53064374160107697, 8.338403424708237921 ) ) ;
#379 =( BOUNDED_SURFACE ( )  B_SPLINE_SURFACE ( 3, 2, ( 
 ( #1269, #297, #1531 ),
 ( #303, #282, #1681 ),
 ( #442, #837, #1251 ),
 ( #1095, #1115, #411 ),
 ( #1664, #1510, #958 ),
 ( #1244, #1793, #545 ),
 ( #423, #968, #1520 ),
 ( #60, #1157, #1143 ),
 ( #188, #855, #615 ),
 ( #1572, #750, #1701 ),
 ( #1028, #320, #1563 ),
 ( #460, #756, #210 ),
 ( #1175, #328, #179 ),
 ( #1303, #1693, #603 ),
 ( #1295, #203, #1723 ),
 ( #889, #720, #1165 ),
 ( #588, #486, #1443 ),
 ( #1715, #732, #1437 ) ),
 .UNSPECIFIED., .F., .F., .F. ) 
 B_SPLINE_SURFACE_WITH_KNOTS ( ( 4, 2, 2, 2, 2, 2, 2, 2, 4 ),
 ( 3, 3 ),
 ( 0.002548622632346089940, 0.003368886974048358653, 0.004189151315750627366, 0.005009415657452895645, 0.005829679999155163925, 0.006649944340857432204, 0.007470208682559700483, 0.008290473024261968762, 0.009110737365964237042 ),
 ( 0.000000000000000000, 1.000000000000000000 ),
 .UNSPECIFIED. ) 
 GEOMETRIC_REPRESENTATION_ITEM ( )  RATIONAL_B_SPLINE_SURFACE ( (
 ( 1.000000000000000000, 0.5687964589945209148, 1.000000000000000000),
 ( 1.000000000000000000, 0.5688006902972353451, 1.000000000000000000),
 ( 1.000000000000000000, 0.5696405609771675316, 1.000000000000000000),
 ( 1.000000000000000000, 0.5729628206330890094, 1.000000000000000000),
 ( 1.000000000000000000, 0.5754888659676614671, 1.000000000000000000),
 ( 1.000000000000000000, 0.5820492264598463583, 1.000000000000000000),
 ( 1.000000000000000000, 0.5860785874889498093, 1.000000000000000000),
 ( 1.000000000000000000, 0.5957293410887705143, 1.000000000000000000),
 ( 1.000000000000000000, 0.6012617665060502326, 1.000000000000000000),
 ( 1.000000000000000000, 0.6135713096499997299, 1.000000000000000000),
 ( 1.000000000000000000, 0.6204566428494068253, 1.000000000000000000),
 ( 1.000000000000000000, 0.6352635232344164828, 1.000000000000000000),
 ( 1.000000000000000000, 0.6431603340341115471, 1.000000000000000000),
 ( 1.000000000000000000, 0.6600252580788562584, 1.000000000000000000),
 ( 1.000000000000000000, 0.6690233399874577769, 1.000000000000000000),
 ( 1.000000000000000000, 0.6875429387056460895, 1.000000000000000000),
 ( 1.000000000000000000, 0.6971399876045639710, 1.000000000000000000),
 ( 1.000000000000000000, 0.7071067811865477948, 1.000000000000000000) ) ) 
 REPRESENTATION_ITEM ( '' )  SURFACE ( )  );
#380 = ORIENTED_EDGE ( 'NONE', *, *, #1499, .T. ) ;
#381 = VERTEX_POINT ( 'NONE', #1395 ) ;
#382 = ORIENTED_EDGE ( 'NONE', *, *, #1035, .F. ) ;
#383 = CARTESIAN_POINT ( 'NONE',  ( 32.44274816461642530, -3.546197889116212476, 29.22952222979300174 ) ) ;
#384 = CARTESIAN_POINT ( 'NONE',  ( -5.499999999999995559, 0.1806221802246904540, 7.000000000000000888 ) ) ;
#385 = AXIS2_PLACEMENT_3D ( 'NONE', #1588, #1289, #1312 ) ;
#386 = VECTOR ( 'NONE', #1201, 999.9999999999998863 ) ;
#387 = ORIENTED_EDGE ( 'NONE', *, *, #926, .F. ) ;
#388 = CARTESIAN_POINT ( 'NONE',  ( -23.27724143069310259, -10.63896241444342294, 7.723709209179711266 ) ) ;
#389 = AXIS2_PLACEMENT_3D ( 'NONE', #1433, #197, #1557 ) ;
#390 = EDGE_CURVE ( 'NONE', #560, #1575, #1476, .T. ) ;
#391 = EDGE_LOOP ( 'NONE', ( #553, #105, #947, #459 ) ) ;
#392 = DIRECTION ( 'NONE',  ( 1.000000000000000000, -0.000000000000000000, 0.000000000000000000 ) ) ;
#393 = ORIENTED_EDGE ( 'NONE', *, *, #1035, .T. ) ;
#394 = CARTESIAN_POINT ( 'NONE',  ( 23.00000000000000000, -8.669309383138742220, 7.376625737558976326 ) ) ;
#395 = ORIENTED_EDGE ( 'NONE', *, *, #1183, .F. ) ;
#396 = CYLINDRICAL_SURFACE ( 'NONE', #1044, 1.999999999999999334 ) ;
#397 = CARTESIAN_POINT ( 'NONE',  ( -23.00000000000000000, -7.649390632181242822, 9.097022709610861568 ) ) ;
#398 = ORIENTED_EDGE ( 'NONE', *, *, #1670, .F. ) ;
#399 = CARTESIAN_POINT ( 'NONE',  ( 24.81691516282198151, -7.761537059073273070, 10.53396541024139488 ) ) ;
#400 = EDGE_CURVE ( 'NONE', #959, #1791, #699, .T. ) ;
#401 = CARTESIAN_POINT ( 'NONE',  ( -33.02272619397732711, -12.00000000000000000, 0.000000000000000000 ) ) ;
#402 = EDGE_LOOP ( 'NONE', ( #129, #1259, #669, #1497 ) ) ;
#403 = DIRECTION ( 'NONE',  ( 1.000000000000000000, 0.000000000000000000, -0.000000000000000000 ) ) ;
#404 = ORIENTED_EDGE ( 'NONE', *, *, #578, .T. ) ;
#405 = FACE_OUTER_BOUND ( 'NONE', #878, .T. ) ;
#406 = DIRECTION ( 'NONE',  ( 1.000000000000000000, -0.000000000000000000, -0.000000000000000000 ) ) ;
#407 = ORIENTED_EDGE ( 'NONE', *, *, #1178, .T. ) ;
#408 = ADVANCED_BREP_SHAPE_REPRESENTATION ( 'Pieza1', ( #1593, #1343 ), #1714 ) ;
#409 = CARTESIAN_POINT ( 'NONE',  ( 24.36050395031467986, -7.690009111297664290, 9.740062013997347279 ) ) ;
#410 = ADVANCED_FACE ( 'NONE', ( #17 ), #471, .F. ) ;
#411 = CARTESIAN_POINT ( 'NONE',  ( 24.08370601107024100, 10.61299292272885353, 7.871082657526835114 ) ) ;
#412 = ADVANCED_FACE ( 'NONE', ( #151 ), #691, .F. ) ;
#413 = ORIENTED_EDGE ( 'NONE', *, *, #1098, .T. ) ;
#414 = CARTESIAN_POINT ( 'NONE',  ( 30.22062318676124448, 5.848644342536267082, 34.90813394478242770 ) ) ;
#415 = CARTESIAN_POINT ( 'NONE',  ( 32.38915198634663284, -1.825718699827687086, 29.84212935059732530 ) ) ;
#416 = CARTESIAN_POINT ( 'NONE',  ( -24.96677700671615341, -7.824071851213410866, 11.08012960255883783 ) ) ;
#417 = ORIENTED_EDGE ( 'NONE', *, *, #240, .T. ) ;
#418 = AXIS2_PLACEMENT_3D ( 'NONE', #813, #633, #1186 ) ;
#419 = EDGE_CURVE ( 'NONE', #1726, #1507, #1187, .T. ) ;
#420 = FACE_OUTER_BOUND ( 'NONE', #1222, .T. ) ;
#421 = AXIS2_PLACEMENT_3D ( 'NONE', #231, #1598, #907 ) ;
#423 = CARTESIAN_POINT ( 'NONE',  ( 24.03984353255700768, 7.669387814164045025, 9.443036901273485384 ) ) ;
#422 = AXIS2_PLACEMENT_3D ( 'NONE', #1214, #1352, #113 ) ;
#424 = DIRECTION ( 'NONE',  ( -0.000000000000000000, -0.000000000000000000, 1.000000000000000000 ) ) ;
#425 = CARTESIAN_POINT ( 'NONE',  ( 23.00000000000000000, 7.649390632181242822, 9.097022709610861568 ) ) ;
#426 = CARTESIAN_POINT ( 'NONE',  ( -30.54267774618518771, -0.9310193301879536865, 30.00000000000000000 ) ) ;
#427 = ADVANCED_FACE ( 'NONE', ( #26 ), #379, .T. ) ;
#428 = CARTESIAN_POINT ( 'NONE',  ( 26.91177623318370848, -10.06994789315509919, 10.95279174508510245 ) ) ;
#429 = CARTESIAN_POINT ( 'NONE',  ( -40.00000000000000000, 0.000000000000000000, 16.99999999999999645 ) ) ;
#430 = CARTESIAN_POINT ( 'NONE',  ( 27.00000000000000355, 7.878612125218703355, 23.38833388648293976 ) ) ;
#431 = CARTESIAN_POINT ( 'NONE',  ( -24.03984353255725281, -7.669387814163991735, 9.443036901273661243 ) ) ;
#432 = FACE_OUTER_BOUND ( 'NONE', #236, .T. ) ;
#433 = CARTESIAN_POINT ( 'NONE',  ( 24.72186085932915489, -10.56706385657314229, 8.131724064494898485 ) ) ;
#434 = FACE_OUTER_BOUND ( 'NONE', #1204, .T. ) ;
#435 = PLANE ( 'NONE',  #984 ) ;
#436 = CARTESIAN_POINT ( 'NONE',  ( -3.358441356925401244, -4.370132310916618579, 7.649202096518128435 ) ) ;
#437 = CARTESIAN_POINT ( 'NONE',  ( -25.07968706557701921, -10.53252464729580673, 8.327729532385086841 ) ) ;
#438 = CARTESIAN_POINT ( 'NONE',  ( -33.51269272005939115, 0.000000000000000000, 16.99999999999999645 ) ) ;
#439 = CARTESIAN_POINT ( 'NONE',  ( -23.27778604677826024, 10.63896241444341939, 7.723709209179705937 ) ) ;
#440 = CARTESIAN_POINT ( 'NONE',  ( 24.08885575778536747, -10.61274015979468821, 7.872517053919022345 ) ) ;
#441 = EDGE_LOOP ( 'NONE', ( #940, #512, #864, #802 ) ) ;
#442 = CARTESIAN_POINT ( 'NONE',  ( 23.27474673827544294, 7.650269321046383908, 9.114121963372799229 ) ) ;
#443 = VECTOR ( 'NONE', #1389, 1000.000000000000000 ) ;
#444 = CARTESIAN_POINT ( 'NONE',  ( -25.00000000000000000, 5.908959093914029737, 23.04125041486219416 ) ) ;
#445 = VECTOR ( 'NONE', #1748, 1000.000000000000000 ) ;
#446 = DIRECTION ( 'NONE',  ( 0.000000000000000000, 0.1735417358103663044, -0.9848265156523382524 ) ) ;
#447 = MECHANICAL_DESIGN_GEOMETRIC_PRESENTATION_REPRESENTATION (  '', ( #1746 ), #1084 ) ;
#448 = CARTESIAN_POINT ( 'NONE',  ( -26.81838114401969619, -10.11566369360148165, 10.69336059295541119 ) ) ;
#449 = CARTESIAN_POINT ( 'NONE',  ( 23.00000000000000000, 7.649390632181242822, 9.097022709610861568 ) ) ;
#450 = CARTESIAN_POINT ( 'NONE',  ( 25.00000000000000000, 0.000000000000000000, 16.99999999999999645 ) ) ;
#451 = ORIENTED_EDGE ( 'NONE', *, *, #1753, .F. ) ;
#452 = DIRECTION ( 'NONE',  ( -0.000000000000000000, -0.1735417358103663044, 0.9848265156523382524 ) ) ;
#453 = ADVANCED_FACE ( 'NONE', ( #1430 ), #160, .F. ) ;
#454 = CARTESIAN_POINT ( 'NONE',  ( 1.435875611819489972, -5.312342919156710863, 7.972091903524948009 ) ) ;
#455 = CARTESIAN_POINT ( 'NONE',  ( 26.63381888729112745, 10.20584720179690130, 10.18158105052621387 ) ) ;
#456 = CARTESIAN_POINT ( 'NONE',  ( -30.97651212015101052, -5.908959093914028848, 23.04125041486219416 ) ) ;
#457 = CARTESIAN_POINT ( 'NONE',  ( -24.13591335425844164, 10.08784183729239459, 10.85124596663747809 ) ) ;
#458 = FACE_OUTER_BOUND ( 'NONE', #1692, .T. ) ;
#459 = ORIENTED_EDGE ( 'NONE', *, *, #1740, .F. ) ;
#460 = CARTESIAN_POINT ( 'NONE',  ( 24.76025205024138032, 7.746658296013772649, 10.38841414082526349 ) ) ;
#461 = DIRECTION ( 'NONE',  ( -0.000000000000000000, -0.1735417358103663044, 0.9848265156523382524 ) ) ;
#462 = EDGE_CURVE ( 'NONE', #1575, #254, #816, .T. ) ;
#463 = CARTESIAN_POINT ( 'NONE',  ( -0.3593731004720436828, -5.500196584694504232, 8.044791740187656970 ) ) ;
#464 = CARTESIAN_POINT ( 'NONE',  ( 35.00000000000001421, -12.00000000000000000, 0.000000000000000000 ) ) ;
#465 = EDGE_CURVE ( 'NONE', #246, #1357, #557, .T. ) ;
#466 = CARTESIAN_POINT ( 'NONE',  ( -32.63780608480021783, 6.123233995736766282E-16, 27.00000000000000000 ) ) ;
#467 = CARTESIAN_POINT ( 'NONE',  ( -24.75961692685550375, 7.746533146294114935, 10.38710193890908506 ) ) ;
#468 = CARTESIAN_POINT ( 'NONE',  ( -32.69716227257069363, 4.391791093178536443, 26.32155566929089829 ) ) ;
#469 = ADVANCED_FACE ( 'NONE', ( #1151 ), #1279, .F. ) ;
#470 = DIRECTION ( 'NONE',  ( -1.000000000000000000, 0.000000000000000000, -0.000000000000000000 ) ) ;
#471 = TOROIDAL_SURFACE ( 'NONE', #1596, 13.00000000000000000, 2.000000000000000000 ) ;
#472 = CARTESIAN_POINT ( 'NONE',  ( 1.781856765211494498, -5.206506749405257040, 7.932467155813631265 ) ) ;
#473 = CARTESIAN_POINT ( 'NONE',  ( 0.000000000000000000, 0.000000000000000000, 3.299999999999999378 ) ) ;
#474 = CIRCLE ( 'NONE', #1257, 13.00000000000000000 ) ;
#475 = EDGE_LOOP ( 'NONE', ( #382, #930, #242, #1075, #566, #1088, #387, #794, #1494, #1318 ) ) ;
#476 = CARTESIAN_POINT ( 'NONE',  ( -32.63780608480021783, 9.999999999999998224, 27.00000000000000355 ) ) ;
#477 = CARTESIAN_POINT ( 'NONE',  ( -32.86012231879508505, 7.670072120491418843, 24.45891381767730977 ) ) ;
#478 = LINE ( 'NONE', #595, #279 ) ;
#479 = CARTESIAN_POINT ( 'NONE',  ( -24.71558462601596418, -9.984627384865184752, 11.43697440293637335 ) ) ;
#480 = LINE ( 'NONE', #786, #1513 ) ;
#481 = DIRECTION ( 'NONE',  ( 1.000000000000000000, -0.000000000000000000, 0.000000000000000000 ) ) ;
#482 = ORIENTED_EDGE ( 'NONE', *, *, #1670, .T. ) ;
#483 = CARTESIAN_POINT ( 'NONE',  ( 32.93921531861897023, 7.849264694726268310, 23.55487669291655095 ) ) ;
#484 = CARTESIAN_POINT ( 'NONE',  ( -1.435894618130327371, 5.321494653118667983, 7.975468645631265119 ) ) ;
#485 = EDGE_CURVE ( 'NONE', #1633, #158, #478, .T. ) ;
#486 = CARTESIAN_POINT ( 'NONE',  ( 24.94281092877330153, 9.909396198798793520, 11.86390148474520068 ) ) ;
#487 = CARTESIAN_POINT ( 'NONE',  ( -23.27474673827510898, -7.650269321046732074, 9.114121963372925350 ) ) ;
#488 = CARTESIAN_POINT ( 'NONE',  ( 33.02272619397734843, -12.00000000000000000, 0.000000000000000000 ) ) ;
#489 = ORIENTED_EDGE ( 'NONE', *, *, #1161, .T. ) ;
#490 = CARTESIAN_POINT ( 'NONE',  ( -24.72186085932940003, 10.56706385657314229, 8.131724064494898485 ) ) ;
#491 = CARTESIAN_POINT ( 'NONE',  ( -2.443306678110713115, 4.930768580715914950, 7.833293567110197309 ) ) ;
#492 = LINE ( 'NONE', #252, #386 ) ;
#493 = VERTEX_POINT ( 'NONE', #1018 ) ;
#494 = CARTESIAN_POINT ( 'NONE',  ( -32.70640641896025613, 5.380253849753154682, 26.21589459256381360 ) ) ;
#495 = DIRECTION ( 'NONE',  ( 1.000000000000000000, 0.000000000000000000, 0.000000000000000000 ) ) ;
#496 = AXIS2_PLACEMENT_3D ( 'NONE', #577, #1409, #1004 ) ;
#497 = ORIENTED_EDGE ( 'NONE', *, *, #704, .F. ) ;
#498 = AXIS2_PLACEMENT_3D ( 'NONE', #473, #1307, #884 ) ;
#499 = CARTESIAN_POINT ( 'NONE',  ( 32.48267854304485525, 4.355033455421278177, 28.77311591591051965 ) ) ;
#500 = CARTESIAN_POINT ( 'NONE',  ( -32.85047218238485556, -5.545439446488209079, 24.56921538158331586 ) ) ;
#501 = CARTESIAN_POINT ( 'NONE',  ( 24.35047670327530867, -10.59718860988174960, 7.960770053361704512 ) ) ;
#502 =( BOUNDED_CURVE ( )  B_SPLINE_CURVE ( 3, ( #1235, #1097, #414, #960 ),
 .UNSPECIFIED., .F., .T. ) 
 B_SPLINE_CURVE_WITH_KNOTS ( ( 4, 4 ),
 ( 1.745221169130262595, 4.537964138049323637 ),
 .UNSPECIFIED. ) 
 CURVE ( )  GEOMETRIC_REPRESENTATION_ITEM ( )  RATIONAL_B_SPLINE_CURVE ( ( 1.000000000000000000, 0.4490278238735772587, 0.4490278238735772587, 1.000000000000000000 ) ) 
 REPRESENTATION_ITEM ( '' )  );
#503 = EDGE_LOOP ( 'NONE', ( #1068, #808, #1062, #451 ) ) ;
#504 = CYLINDRICAL_SURFACE ( 'NONE', #332, 2.749999999999999112 ) ;
#505 = VERTEX_POINT ( 'NONE', #865 ) ;
#506 = DIRECTION ( 'NONE',  ( 1.000000000000000000, 0.000000000000000000, 0.000000000000000000 ) ) ;
#507 = CARTESIAN_POINT ( 'NONE',  ( -25.08095522866357641, 10.53088731766918684, 8.337021162572069599 ) ) ;
#508 = CARTESIAN_POINT ( 'NONE',  ( -5.428139799513767016, 0.9046372376192285403, 7.026236740043014350 ) ) ;
#509 = DIRECTION ( 'NONE',  ( 0.000000000000000000, 0.000000000000000000, -1.000000000000000000 ) ) ;
#510 = ORIENTED_EDGE ( 'NONE', *, *, #583, .F. ) ;
#511 = CARTESIAN_POINT ( 'NONE',  ( -40.00000000000000000, 6.123233995736766282E-16, 27.00000000000000000 ) ) ;
#512 = ORIENTED_EDGE ( 'NONE', *, *, #1616, .T. ) ;
#513 = ORIENTED_EDGE ( 'NONE', *, *, #1561, .T. ) ;
#514 = CARTESIAN_POINT ( 'NONE',  ( -23.27249738871793738, 10.63896241453925207, 7.723709208635876067 ) ) ;
#515 = CARTESIAN_POINT ( 'NONE',  ( 5.463644540068364641, 0.7265992182037425140, 7.013436759193870884 ) ) ;
#516 = EDGE_CURVE ( 'NONE', #908, #827, #1419, .T. ) ;
#517 = ORIENTED_EDGE ( 'NONE', *, *, #863, .T. ) ;
#518 = CARTESIAN_POINT ( 'NONE',  ( -27.00000000000000000, -9.927988836674193962, 11.75839071127359325 ) ) ;
#519 = VERTEX_POINT ( 'NONE', #196 ) ;
#520 = CARTESIAN_POINT ( 'NONE',  ( 30.97651212015104605, 5.908959093914032401, 23.04125041486219416 ) ) ;
#521 = ORIENTED_EDGE ( 'NONE', *, *, #1678, .T. ) ;
#522 = CARTESIAN_POINT ( 'NONE',  ( 24.69622251279032810, -7.729123517314535619, 10.21577314440645523 ) ) ;
#523 = ORIENTED_EDGE ( 'NONE', *, *, #1678, .F. ) ;
#524 = CARTESIAN_POINT ( 'NONE',  ( 32.69716227257065100, -4.391791093178436078, 26.32155566929180424 ) ) ;
#525 = CARTESIAN_POINT ( 'NONE',  ( -23.59584223516037227, -7.654874826521616882, 9.199130086044286614 ) ) ;
#526 = EDGE_CURVE ( 'NONE', #1344, #222, #961, .T. ) ;
#527 = CIRCLE ( 'NONE', #1048, 5.999999999999998224 ) ;
#528 = VERTEX_POINT ( 'NONE', #882 ) ;
#529 = CARTESIAN_POINT ( 'NONE',  ( 23.55583831793285654, -10.63352060848553648, 7.754590741943777843 ) ) ;
#530 = VECTOR ( 'NONE', #452, 999.9999999999998863 ) ;
#531 = VERTEX_POINT ( 'NONE', #1337 ) ;
#532 = EDGE_LOOP ( 'NONE', ( #646, #124, #99, #108 ) ) ;
#533 = DIRECTION ( 'NONE',  ( 0.000000000000000000, 0.000000000000000000, -1.000000000000000000 ) ) ;
#534 = EDGE_CURVE ( 'NONE', #1619, #979, #79, .T. ) ;
#535 = LINE ( 'NONE', #1516, #1256 ) ;
#536 = ORIENTED_EDGE ( 'NONE', *, *, #1561, .F. ) ;
#537 = CARTESIAN_POINT ( 'NONE',  ( 23.92247667300319236, -7.664766225890776496, 9.367602541037664210 ) ) ;
#538 = ORIENTED_EDGE ( 'NONE', *, *, #1319, .T. ) ;
#539 = CARTESIAN_POINT ( 'NONE',  ( -25.00000000000000000, -8.669309383138742220, 7.376625737558973661 ) ) ;
#540 = ADVANCED_FACE ( 'NONE', ( #1086 ), #939, .T. ) ;
#541 = FACE_BOUND ( 'NONE', #1037, .T. ) ;
#542 = DIRECTION ( 'NONE',  ( 1.000000000000000000, 0.000000000000000000, 0.000000000000000000 ) ) ;
#543 = ORIENTED_EDGE ( 'NONE', *, *, #8, .F. ) ;
#544 = CARTESIAN_POINT ( 'NONE',  ( 24.75961692685547533, -7.746533146294223293, 10.38710193890910105 ) ) ;
#545 = CARTESIAN_POINT ( 'NONE',  ( 24.84534217916646881, 10.55706438216285292, 8.188469766016522655 ) ) ;
#546 = CARTESIAN_POINT ( 'NONE',  ( 23.15427856290009245, -7.649390632181244598, 9.097022709610859792 ) ) ;
#547 = EDGE_CURVE ( 'NONE', #1492, #519, #118, .T. ) ;
#548 = DIRECTION ( 'NONE',  ( 1.000000000000000000, -0.000000000000000000, -0.000000000000000000 ) ) ;
#549 = CARTESIAN_POINT ( 'NONE',  ( -30.59523315235619734, -3.611128987297071991, 29.19905194493011180 ) ) ;
#550 = VECTOR ( 'NONE', #1071, 1000.000000000000000 ) ;
#551 = DIRECTION ( 'NONE',  ( 0.000000000000000000, 0.000000000000000000, -1.000000000000000000 ) ) ;
#552 = VECTOR ( 'NONE', #221, 1000.000000000000000 ) ;
#553 = ORIENTED_EDGE ( 'NONE', *, *, #465, .F. ) ;
#555 = CARTESIAN_POINT ( 'NONE',  ( 34.18458514990514630, -11.99999999999999645, 0.000000000000000000 ) ) ;
#554 = VECTOR ( 'NONE', #1205, 1000.000000000000000 ) ;
#556 = CYLINDRICAL_SURFACE ( 'NONE', #360, 2.000000000000000000 ) ;
#557 =( BOUNDED_CURVE ( )  B_SPLINE_CURVE ( 3, ( #1707, #45, #346, #70 ),
 .UNSPECIFIED., .F., .F. ) 
 B_SPLINE_CURVE_WITH_KNOTS ( ( 4, 4 ),
 ( 0.000000000000000000, 1.396371484459530521 ),
 .UNSPECIFIED. ) 
 CURVE ( )  GEOMETRIC_REPRESENTATION_ITEM ( )  RATIONAL_B_SPLINE_CURVE ( ( 1.000000000000000000, 0.8440064698916445174, 0.8440064698916445174, 1.000000000000000000 ) ) 
 REPRESENTATION_ITEM ( '' )  );
#558 = DIRECTION ( 'NONE',  ( 1.000000000000000000, -0.000000000000000000, 0.000000000000000000 ) ) ;
#559 = CARTESIAN_POINT ( 'NONE',  ( 23.74234813078049910, -10.12134662881542013, 10.66111068339344214 ) ) ;
#560 = VERTEX_POINT ( 'NONE', #653 ) ;
#561 = LINE ( 'NONE', #1674, #1743 ) ;
#562 = CARTESIAN_POINT ( 'NONE',  ( -24.94373277688063339, -7.816161789973371299, 11.00819200459301861 ) ) ;
#563 = CARTESIAN_POINT ( 'NONE',  ( 34.18458514990514630, 12.00000000000000711, 0.000000000000000000 ) ) ;
#564 = DIRECTION ( 'NONE',  ( 1.000000000000000000, -0.000000000000000000, 0.000000000000000000 ) ) ;
#565 = CARTESIAN_POINT ( 'NONE',  ( 26.99999999999999289, -9.976093577299186776, 11.48540263797321082 ) ) ;
#566 = ORIENTED_EDGE ( 'NONE', *, *, #1733, .F. ) ;
#567 = DIRECTION ( 'NONE',  ( -0.9961946980917461003, 0.000000000000000000, 0.08715574274765169882 ) ) ;
#568 = UNCERTAINTY_MEASURE_WITH_UNIT (LENGTH_MEASURE( 1.000000000000000082E-05 ), #1053, 'distance_accuracy_value', 'NONE');
#569 = CLOSED_SHELL ( 'NONE', ( #453, #1490, #772, #1503, #917, #1232, #667, #345, #102, #1640, #140, #352, #1477, #154, #900, #1760, #1353, #856, #21, #412, #469, #722, #276, #1666, #727, #83, #1107, #34, #1544, #1425, #834, #152, #410, #1027, #1119, #28, #672, #658, #86, #592, #427, #173, #540 ) ) ;
#570 = CARTESIAN_POINT ( 'NONE',  ( 1.258008069375893268, -5.357268090561519536, 7.989249265746688700 ) ) ;
#571 = CARTESIAN_POINT ( 'NONE',  ( -26.52050410153368531, -10.24864325275805221, 9.938719092537008137 ) ) ;
#572 = CARTESIAN_POINT ( 'NONE',  ( 24.60835029615860847, 7.718187996364980208, 10.08521316302119075 ) ) ;
#573 = EDGE_CURVE ( 'NONE', #1619, #1189, #330, .T. ) ;
#574 = CARTESIAN_POINT ( 'NONE',  ( 22.99999999999992895, -7.649390632181245486, 9.097022709610859792 ) ) ;
#575 = AXIS2_PLACEMENT_3D ( 'NONE', #974, #1673, #159 ) ;
#576 = ORIENTED_EDGE ( 'NONE', *, *, #726, .T. ) ;
#577 = CARTESIAN_POINT ( 'NONE',  ( 0.000000000000000000, 0.000000000000000000, 6.999999999999999112 ) ) ;
#578 = EDGE_CURVE ( 'NONE', #244, #528, #20, .T. ) ;
#579 = VECTOR ( 'NONE', #602, 1000.000000000000227 ) ;
#580 = DIRECTION ( 'NONE',  ( 0.000000000000000000, 0.9848265156523382524, 0.1735417358103659713 ) ) ;
#581 = CARTESIAN_POINT ( 'NONE',  ( 3.635546711470627468, -4.142359771533777213, 7.580966968942477457 ) ) ;
#582 = DIRECTION ( 'NONE',  ( 0.000000000000000000, 1.000000000000000000, 0.000000000000000000 ) ) ;
#583 = EDGE_CURVE ( 'NONE', #1770, #1206, #1110, .T. ) ;
#584 = CARTESIAN_POINT ( 'NONE',  ( 32.96890151633454025, -5.908959093914029737, 23.21556190035749623 ) ) ;
#585 = CARTESIAN_POINT ( 'NONE',  ( -24.81691516282188914, 7.761537059073371658, 10.53396541024118349 ) ) ;
#586 = CARTESIAN_POINT ( 'NONE',  ( -32.58762254853987628, 2.708346740472834746, 27.57360044419327139 ) ) ;
#587 = EDGE_CURVE ( 'NONE', #1131, #1745, #1567, .T. ) ;
#588 = CARTESIAN_POINT ( 'NONE',  ( 25.00000000000000000, 7.883802987285451813, 11.50939637781616121 ) ) ;
#589 = CARTESIAN_POINT ( 'NONE',  ( 32.96890151633454025, 5.908959093914032401, 23.21556190035749978 ) ) ;
#590 = LINE ( 'NONE', #1153, #1226 ) ;
#591 = CARTESIAN_POINT ( 'NONE',  ( 32.48461888546585641, 10.91616963982488819, 6.150594680785231638 ) ) ;
#592 = ADVANCED_FACE ( 'NONE', ( #1192 ), #1330, .T. ) ;
#593 = CYLINDRICAL_SURFACE ( 'NONE', #702, 1.999999999999999556 ) ;
#594 = CARTESIAN_POINT ( 'NONE',  ( -30.70477287638744102, 5.855721457571611666, 27.52965891172804547 ) ) ;
#595 = CARTESIAN_POINT ( 'NONE',  ( 27.00000000000000355, -12.00000000000000000, 0.000000000000000000 ) ) ;
#596 = DIRECTION ( 'NONE',  ( 1.000000000000000000, -0.000000000000000000, -0.000000000000000000 ) ) ;
#597 = CARTESIAN_POINT ( 'NONE',  ( 4.132587467520862923, -3.633704221523318623, 7.446085812880324006 ) ) ;
#598 = EDGE_CURVE ( 'NONE', #1096, #610, #281, .T. ) ;
#599 = CARTESIAN_POINT ( 'NONE',  ( 25.00000000000000000, 7.910340024934900072, 11.68367697821007134 ) ) ;
#600 = ORIENTED_EDGE ( 'NONE', *, *, #1554, .F. ) ;
#601 = CARTESIAN_POINT ( 'NONE',  ( -23.00000000000000000, 10.63896241444342117, 7.723709209179705937 ) ) ;
#602 = DIRECTION ( 'NONE',  ( -0.08584310619312007784, 0.1729011355768436675, 0.9811911936189371408 ) ) ;
#603 = CARTESIAN_POINT ( 'NONE',  ( 26.81838114401969619, 10.11566369360144968, 10.69336059295560126 ) ) ;
#605 = CARTESIAN_POINT ( 'NONE',  ( -23.83675885868599664, -10.11541404334411887, 10.69477732531911585 ) ) ;
#604 = CIRCLE ( 'NONE', #575, 1.999999999999999334 ) ;
#606 =( NAMED_UNIT ( * ) PLANE_ANGLE_UNIT ( ) SI_UNIT ( $, .RADIAN. ) );
#607 = CIRCLE ( 'NONE', #759, 5.000000000000000888 ) ;
#608 = CARTESIAN_POINT ( 'NONE',  ( -32.70640641896025613, -5.380253849753156459, 26.21589459256381716 ) ) ;
#609 = AXIS2_PLACEMENT_3D ( 'NONE', #866, #839, #1533 ) ;
#610 = VERTEX_POINT ( 'NONE', #1774 ) ;
#611 = PRODUCT_DEFINITION_FORMATION_WITH_SPECIFIED_SOURCE ( 'ANY', '', #227, .NOT_KNOWN. ) ;
#612 = CARTESIAN_POINT ( 'NONE',  ( -23.92247667300291880, 7.664766225890963014, 9.367602541037594932 ) ) ;
#613 = CARTESIAN_POINT ( 'NONE',  ( -3.356055602845206653, 4.371901664640628127, 7.649749298096406136 ) ) ;
#614 =( BOUNDED_CURVE ( )  B_SPLINE_CURVE ( 3, ( #987, #334, #57, #584 ),
 .UNSPECIFIED., .F., .F. ) 
 B_SPLINE_CURVE_WITH_KNOTS ( ( 4, 4 ),
 ( 1.745221169130262817, 4.537964138049323637 ),
 .UNSPECIFIED. ) 
 CURVE ( )  GEOMETRIC_REPRESENTATION_ITEM ( )  RATIONAL_B_SPLINE_CURVE ( ( 1.000000000000000000, 0.4490278238735772587, 0.4490278238735772587, 1.000000000000000000 ) ) 
 REPRESENTATION_ITEM ( '' )  );
#615 = CARTESIAN_POINT ( 'NONE',  ( 25.72205445672883073, 10.44194894275984886, 8.841734737440624770 ) ) ;
#616 = B_SPLINE_CURVE_WITH_KNOTS ( 'NONE', 3,
 ( #1014, #1703, #1159, #1683, #329, #744, #1125, #858, #1573, #597, #713, #581, #1272, #1403, #29, #1708, #472, #454, #570, #876, #1021, #463, #737, #46, #190, #19, #339, #436, #1695, #164, #1145, #1134, #849, #1565, #322, #172, #1006, #703, #1262, #723 ),
 .UNSPECIFIED., .F., .F.,
 ( 4, 2, 2, 2, 2, 2, 2, 2, 2, 2, 2, 2, 2, 2, 2, 2, 2, 2, 2, 4 ),
 ( 1.143624770187509785E-19, 0.001084263043922590848, 0.002168526087845181263, 0.003252789131767771895, 0.003794920653729068078, 0.004337052175690364261, 0.005421315219612954893, 0.006505578263535545525, 0.007047709785496841274, 0.007589841307458136156, 0.008674104351380726788, 0.009758367395303318287, 0.01084263043922590805, 0.01192689348314849955, 0.01301115652707108931, 0.01409541957099368081, 0.01517968261491627058, 0.01626394565883886034, 0.01680607718080015522, 0.01734820870276145011 ),
 .UNSPECIFIED. ) ;
#617 = CARTESIAN_POINT ( 'NONE',  ( -23.25707059522946096, -10.13631117777030788, 10.57618883714702918 ) ) ;
#618 = CARTESIAN_POINT ( 'NONE',  ( -40.00000000000000000, 6.123233995736766282E-16, 27.00000000000000000 ) ) ;
#619 = ORIENTED_EDGE ( 'NONE', *, *, #274, .F. ) ;
#620 = EDGE_CURVE ( 'NONE', #222, #147, #492, .T. ) ;
#621 =( NAMED_UNIT ( * ) SI_UNIT ( $, .STERADIAN. ) SOLID_ANGLE_UNIT ( ) );
#622 = CARTESIAN_POINT ( 'NONE',  ( 32.85047218238486977, 5.545439446488494184, 24.56921538158351126 ) ) ;
#623 = CARTESIAN_POINT ( 'NONE',  ( 4.938201786450469477, 2.448429783665066584, 7.197338763740577683 ) ) ;
#624 = CARTESIAN_POINT ( 'NONE',  ( -26.97759340299933584, -9.975456660710884549, 11.48901705580471955 ) ) ;
#625 = ORIENTED_EDGE ( 'NONE', *, *, #1178, .F. ) ;
#626 = CARTESIAN_POINT ( 'NONE',  ( -30.54267774618761067, 0.000000000000000000, 30.00000000000000000 ) ) ;
#627 =( LENGTH_UNIT ( ) NAMED_UNIT ( * ) SI_UNIT ( .MILLI., .METRE. ) );
#628 = ORIENTED_EDGE ( 'NONE', *, *, #598, .T. ) ;
#629 = CARTESIAN_POINT ( 'NONE',  ( 30.97651212015104605, 7.878612125218706908, 23.38833388648292910 ) ) ;
#630 = CARTESIAN_POINT ( 'NONE',  ( 5.357778757303445438, 1.255605952843564355, 7.051598421910530767 ) ) ;
#631 = CARTESIAN_POINT ( 'NONE',  ( -27.00000000000000355, -9.879993056239577243, 12.03076044983080273 ) ) ;
#632 = ORIENTED_EDGE ( 'NONE', *, *, #88, .T. ) ;
#633 = DIRECTION ( 'NONE',  ( 1.000000000000000000, 0.000000000000000000, -0.000000000000000000 ) ) ;
#634 = DIRECTION ( 'NONE',  ( 1.000000000000000000, -0.000000000000000000, -0.000000000000000000 ) ) ;
#635 = VECTOR ( 'NONE', #1402, 1000.000000000000000 ) ;
#636 = ORIENTED_EDGE ( 'NONE', *, *, #1083, .F. ) ;
#637 = AXIS2_PLACEMENT_3D ( 'NONE', #642, #261, #765 ) ;
#638 = TOROIDAL_SURFACE ( 'NONE', #992, 13.00000000000000000, 2.000000000000000000 ) ;
#639 = CARTESIAN_POINT ( 'NONE',  ( 30.55344658693091375, 1.861599562594892898, 29.83588211608915941 ) ) ;
#640 = CARTESIAN_POINT ( 'NONE',  ( -30.91634881522077904, -7.717041337089121100, 24.30522684921516330 ) ) ;
#641 = APPLICATION_CONTEXT ( 'automotive_design' ) ;
#642 = CARTESIAN_POINT ( 'NONE',  ( 27.00000000000000355, -9.668946159878425206, 1.703818564359846244 ) ) ;
#643 = EDGE_CURVE ( 'NONE', #662, #158, #988, .T. ) ;
#644 = ORIENTED_EDGE ( 'NONE', *, *, #726, .F. ) ;
#645 = CARTESIAN_POINT ( 'NONE',  ( -25.00000000000000000, 7.910340024934901848, 11.68367697821007134 ) ) ;
#646 = ORIENTED_EDGE ( 'NONE', *, *, #65, .T. ) ;
#647 = CARTESIAN_POINT ( 'NONE',  ( -27.00000000000000355, -7.910340024934901848, 11.68367697821007134 ) ) ;
#648 = EDGE_CURVE ( 'NONE', #1745, #1131, #162, .T. ) ;
#649 = ORIENTED_EDGE ( 'NONE', *, *, #648, .F. ) ;
#650 = CARTESIAN_POINT ( 'NONE',  ( -24.03444081213831751, 10.09857326838286085, 10.79034650726700839 ) ) ;
#651 = CARTESIAN_POINT ( 'NONE',  ( -2.759638836201125045, 4.760947365137125686, 7.775323197392133068 ) ) ;
#652 = ORIENTED_EDGE ( 'NONE', *, *, #977, .F. ) ;
#653 = CARTESIAN_POINT ( 'NONE',  ( -25.00000000000000000, -7.910340024934901848, 11.68367697821007134 ) ) ;
#654 = EDGE_LOOP ( 'NONE', ( #1621, #619, #938, #820 ) ) ;
#655 = DIRECTION ( 'NONE',  ( 0.000000000000000000, 0.000000000000000000, -1.000000000000000000 ) ) ;
#656 = ORIENTED_EDGE ( 'NONE', *, *, #1242, .F. ) ;
#657 = CARTESIAN_POINT ( 'NONE',  ( 23.73980556232039163, -7.658297197632091269, 9.260721771068784136 ) ) ;
#658 = ADVANCED_FACE ( 'NONE', ( #1498 ), #191, .F. ) ;
#659 = ORIENTED_EDGE ( 'NONE', *, *, #1740, .T. ) ;
#660 = CARTESIAN_POINT ( 'NONE',  ( -25.00000000000000000, -7.649390632181243710, 9.097022709610859792 ) ) ;
#661 = DIRECTION ( 'NONE',  ( 0.000000000000000000, 0.000000000000000000, -1.000000000000000000 ) ) ;
#662 = VERTEX_POINT ( 'NONE', #24 ) ;
#663 = DIRECTION ( 'NONE',  ( 0.000000000000000000, 0.000000000000000000, 1.000000000000000000 ) ) ;
#664 = FACE_OUTER_BOUND ( 'NONE', #1611, .T. ) ;
#665 = EDGE_LOOP ( 'NONE', ( #719, #289, #513, #404 ) ) ;
#666 = CARTESIAN_POINT ( 'NONE',  ( -27.00000000000000355, 9.668946159878425206, 1.703818564359846910 ) ) ;
#667 = ADVANCED_FACE ( 'NONE', ( #420 ), #967, .F. ) ;
#668 = AXIS2_PLACEMENT_3D ( 'NONE', #1789, #548, #294 ) ;
#669 = ORIENTED_EDGE ( 'NONE', *, *, #1111, .F. ) ;
#670 = LINE ( 'NONE', #660, #550 ) ;
#671 = CIRCLE ( 'NONE', #1684, 2.000000000000000000 ) ;
#672 = ADVANCED_FACE ( 'NONE', ( #1530 ), #1379, .T. ) ;
#673 = CIRCLE ( 'NONE', #11, 1.999999999999999556 ) ;
#674 = ORIENTED_EDGE ( 'NONE', *, *, #1238, .F. ) ;
#675 = CARTESIAN_POINT ( 'NONE',  ( 24.03444081213832462, -10.09857326838309710, 10.79034650726772426 ) ) ;
#676 = CARTESIAN_POINT ( 'NONE',  ( 32.96890151633454025, -5.908959093914029737, 23.21556190035749623 ) ) ;
#677 = ORIENTED_EDGE ( 'NONE', *, *, #1412, .F. ) ;
#678 = DIRECTION ( 'NONE',  ( -1.505234615860031457E-16, 0.1735417358103658048, 0.9848265156523383634 ) ) ;
#679 = EDGE_LOOP ( 'NONE', ( #956, #1349, #178, #1198, #257 ) ) ;
#680 = CYLINDRICAL_SURFACE ( 'NONE', #668, 2.000000000000000000 ) ;
#681 = VERTEX_POINT ( 'NONE', #1277 ) ;
#682 = CARTESIAN_POINT ( 'NONE',  ( 24.26047094330007425, -7.682295079058182097, 9.633290455980457523 ) ) ;
#683 = CARTESIAN_POINT ( 'NONE',  ( -23.00000000000000000, 7.649390632181242822, 9.097022709610861568 ) ) ;
#684 = CARTESIAN_POINT ( 'NONE',  ( -40.00000000000000000, -7.878612125218705131, 23.38833388648292555 ) ) ;
#685 =( BOUNDED_CURVE ( )  B_SPLINE_CURVE ( 3, ( #852, #1008, #1435, #342 ),
 .UNSPECIFIED., .F., .F. ) 
 B_SPLINE_CURVE_WITH_KNOTS ( ( 4, 4 ),
 ( 0.000000000000000000, 3.141592653589793116 ),
 .UNSPECIFIED. ) 
 CURVE ( )  GEOMETRIC_REPRESENTATION_ITEM ( )  RATIONAL_B_SPLINE_CURVE ( ( 1.000000000000000000, 0.3333333333333333703, 0.3333333333333333703, 1.000000000000000000 ) ) 
 REPRESENTATION_ITEM ( '' )  );
#686 = CARTESIAN_POINT ( 'NONE',  ( 32.78364565927265772, -7.332716110310394164, 25.33304603598557847 ) ) ;
#687 = CARTESIAN_POINT ( 'NONE',  ( -24.34159000767633074, -7.688421398260042672, 9.717990979614594238 ) ) ;
#688 = ORIENTED_EDGE ( 'NONE', *, *, #212, .F. ) ;
#689 = CARTESIAN_POINT ( 'NONE',  ( 23.48390289453573843, -10.13217592630255481, 10.59965584510031711 ) ) ;
#690 = CARTESIAN_POINT ( 'NONE',  ( -40.00000000000000000, 12.00000000000000000, 0.000000000000000000 ) ) ;
#691 = PLANE ( 'NONE',  #695 ) ;
#692 = DIRECTION ( 'NONE',  ( -0.000000000000000000, -0.1735417358103663044, 0.9848265156523382524 ) ) ;
#693 = CARTESIAN_POINT ( 'NONE',  ( 32.85047218238490530, -5.545439446488217072, 24.56921538158308849 ) ) ;
#694 = CARTESIAN_POINT ( 'NONE',  ( -24.99999999999999645, -7.864313025587554407, 11.38139708114399440 ) ) ;
#695 = AXIS2_PLACEMENT_3D ( 'NONE', #711, #1368, #132 ) ;
#696 = CARTESIAN_POINT ( 'NONE',  ( 24.34765089385572168, -10.59737818090501627, 7.959694262748902460 ) ) ;
#697 = ORIENTED_EDGE ( 'NONE', *, *, #123, .T. ) ;
#699 = LINE ( 'NONE', #429, #635 ) ;
#698 = VECTOR ( 'NONE', #776, 1000.000000000000000 ) ;
#700 = EDGE_CURVE ( 'NONE', #381, #1096, #1560, .T. ) ;
#701 = CARTESIAN_POINT ( 'NONE',  ( -30.97651212015101052, -7.878612125218705131, 23.38833388648292555 ) ) ;
#702 = AXIS2_PLACEMENT_3D ( 'NONE', #1427, #1568, #1128 ) ;
#703 = CARTESIAN_POINT ( 'NONE',  ( -5.491120377498075023, -0.3612627581643844676, 7.003262815481730463 ) ) ;
#704 = EDGE_CURVE ( 'NONE', #319, #1122, #989, .T. ) ;
#705 = CARTESIAN_POINT ( 'NONE',  ( -23.12477038206528945, -10.13702179171393247, 10.57215619652095384 ) ) ;
#706 = CARTESIAN_POINT ( 'NONE',  ( 0.000000000000000000, 0.000000000000000000, 6.999999999999999112 ) ) ;
#707 = CARTESIAN_POINT ( 'NONE',  ( -26.08691767069158374, 10.36967317892512952, 9.251890186970292973 ) ) ;
#708 = CARTESIAN_POINT ( 'NONE',  ( -24.71797520820486582, 9.987996332031913838, 11.41785607106431044 ) ) ;
#709 = CARTESIAN_POINT ( 'NONE',  ( 25.00000000000000000, -9.879993056239577243, 12.03076044983080273 ) ) ;
#710 = ORIENTED_EDGE ( 'NONE', *, *, #742, .F. ) ;
#711 = CARTESIAN_POINT ( 'NONE',  ( -40.00000000000000000, -12.00000000000000000, 0.000000000000000000 ) ) ;
#712 = DIRECTION ( 'NONE',  ( 0.000000000000000000, 3.552713678800500929E-15, -1.000000000000000000 ) ) ;
#713 = CARTESIAN_POINT ( 'NONE',  ( 4.012758076988549583, -3.765548925135575598, 7.479753590269289099 ) ) ;
#714 = EDGE_CURVE ( 'NONE', #1357, #1202, #881, .T. ) ;
#715 = CARTESIAN_POINT ( 'NONE',  ( -40.00000000000000000, 0.000000000000000000, 22.00000000000000000 ) ) ;
#716 = CARTESIAN_POINT ( 'NONE',  ( 23.30376391760830757, 7.650466592898833795, 9.118023813901555030 ) ) ;
#717 = CARTESIAN_POINT ( 'NONE',  ( -27.00000000000000355, 9.879993056239575466, 12.03076044983080273 ) ) ;
#718 = CARTESIAN_POINT ( 'NONE',  ( -32.61862999059316337, 3.322156989460705478, 27.21918375974931337 ) ) ;
#719 = ORIENTED_EDGE ( 'NONE', *, *, #65, .F. ) ;
#720 = CARTESIAN_POINT ( 'NONE',  ( 24.87354663933424348, 9.935998691542247130, 11.71293583885647926 ) ) ;
#721 = CARTESIAN_POINT ( 'NONE',  ( -25.00000000000000000, 9.668946159878426982, 1.703818564359847132 ) ) ;
#722 = ADVANCED_FACE ( 'NONE', ( #458 ), #326, .F. ) ;
#723 = CARTESIAN_POINT ( 'NONE',  ( -5.499999999999994671, -2.646834576811555588E-19, 6.999999999999998224 ) ) ;
#724 = CARTESIAN_POINT ( 'NONE',  ( -24.62560233868926574, -10.00661945056848978, 11.31217232384317306 ) ) ;
#725 = CARTESIAN_POINT ( 'NONE',  ( 24.08319897114207109, 10.61301762214994859, 7.870942491562135324 ) ) ;
#726 = EDGE_CURVE ( 'NONE', #1507, #953, #1579, .T. ) ;
#727 = ADVANCED_FACE ( 'NONE', ( #1140 ), #143, .T. ) ;
#728 = DIRECTION ( 'NONE',  ( 0.000000000000000000, 0.9848265156523381414, -0.1735417358103667484 ) ) ;
#729 = DIRECTION ( 'NONE',  ( -0.000000000000000000, -0.000000000000000000, 1.000000000000000000 ) ) ;
#730 = VECTOR ( 'NONE', #1747, 1000.000000000000000 ) ;
#731 = VERTEX_POINT ( 'NONE', #1541 ) ;
#732 = CARTESIAN_POINT ( 'NONE',  ( 25.00000000000000000, 9.879993056239577243, 12.03076044983080273 ) ) ;
#733 = CIRCLE ( 'NONE', #1283, 2.000000000000000000 ) ;
#734 = CARTESIAN_POINT ( 'NONE',  ( -33.02272619397732711, -12.00000000000000000, 0.000000000000000000 ) ) ;
#735 = EDGE_CURVE ( 'NONE', #966, #381, #149, .T. ) ;
#736 = CIRCLE ( 'NONE', #1514, 5.000000000000000888 ) ;
#737 = CARTESIAN_POINT ( 'NONE',  ( -0.7273874642405275814, -5.463641121196920025, 8.030231946227644357 ) ) ;
#738 = CARTESIAN_POINT ( 'NONE',  ( 23.00000000000000000, 10.63896241444342117, 7.723709209179705937 ) ) ;
#739 = CARTESIAN_POINT ( 'NONE',  ( 27.00000000000000355, -7.878612125218705131, 23.38833388648292555 ) ) ;
#740 = CARTESIAN_POINT ( 'NONE',  ( -30.55344658693087823, 1.861599562595425361, 29.83588211608896756 ) ) ;
#741 = CARTESIAN_POINT ( 'NONE',  ( -27.00000000000000355, 0.000000000000000000, 22.00000000000000000 ) ) ;
#742 = EDGE_CURVE ( 'NONE', #1131, #966, #1595, .T. ) ;
#743 = CYLINDRICAL_SURFACE ( 'NONE', #1080, 5.000000000000000888 ) ;
#744 = CARTESIAN_POINT ( 'NONE',  ( 4.937121334323106403, -2.450425328362134891, 7.197697010953143959 ) ) ;
#745 = CARTESIAN_POINT ( 'NONE',  ( 25.07880177348492623, 10.53262274826226097, 8.327172822308801514 ) ) ;
#746 = ORIENTED_EDGE ( 'NONE', *, *, #735, .F. ) ;
#747 = DIRECTION ( 'NONE',  ( 1.000000000000000000, -0.000000000000000000, 0.000000000000000000 ) ) ;
#748 = CARTESIAN_POINT ( 'NONE',  ( -32.78364565927248719, 7.332716110314087210, 25.33304603598580229 ) ) ;
#749 =( BOUNDED_CURVE ( )  B_SPLINE_CURVE ( 3, ( #1398, #563, #1127, #166 ),
 .UNSPECIFIED., .F., .T. ) 
 B_SPLINE_CURVE_WITH_KNOTS ( ( 4, 4 ),
 ( 2.688279136972253180, 4.243949728127319077 ),
 .UNSPECIFIED. ) 
 CURVE ( )  GEOMETRIC_REPRESENTATION_ITEM ( )  RATIONAL_B_SPLINE_CURVE ( ( 1.000000000000000000, 0.8082895088279823392, 0.8082895088279823392, 1.000000000000000000 ) ) 
 REPRESENTATION_ITEM ( '' )  );
#750 = CARTESIAN_POINT ( 'NONE',  ( 24.03284668281093417, 10.09871608369445006, 10.78953604916486775 ) ) ;
#751 = PRODUCT_DEFINITION ( 'UNKNOWN', '', #611, #1431 ) ;
#752 = DIRECTION ( 'NONE',  ( 0.000000000000000000, 0.9848265156523383634, -0.1735417358103659158 ) ) ;
#753 = CARTESIAN_POINT ( 'NONE',  ( -32.96890151633450472, -5.908959093914030625, 23.21556190035749623 ) ) ;
#754 = CARTESIAN_POINT ( 'NONE',  ( -23.13624869427615138, 7.649390632033113313, 9.097022709523034933 ) ) ;
#755 = CARTESIAN_POINT ( 'NONE',  ( -32.74466778766084474, 4.847351737668549099, 25.77856514714084923 ) ) ;
#756 = CARTESIAN_POINT ( 'NONE',  ( 24.33727570130346862, 10.06083244134593890, 11.00452073466641600 ) ) ;
#757 = CARTESIAN_POINT ( 'NONE',  ( -25.00000000000000355, -9.879993056239577243, 12.03076044983080273 ) ) ;
#758 = FACE_OUTER_BOUND ( 'NONE', #1067, .T. ) ;
#759 = AXIS2_PLACEMENT_3D ( 'NONE', #1170, #481, #63 ) ;
#760 = AXIS2_PLACEMENT_3D ( 'NONE', #831, #1371, #952 ) ;
#761 = ORIENTED_EDGE ( 'NONE', *, *, #587, .F. ) ;
#762 = CARTESIAN_POINT ( 'NONE',  ( 0.000000000000000000, 0.000000000000000000, 0.000000000000000000 ) ) ;
#763 = CARTESIAN_POINT ( 'NONE',  ( -26.08583243379094085, 10.36992227536293321, 9.250476597462496287 ) ) ;
#764 = CARTESIAN_POINT ( 'NONE',  ( -30.85808278620125833, -7.393919261984538416, 25.19320519478355180 ) ) ;
#765 = DIRECTION ( 'NONE',  ( 0.000000000000000000, -0.9848265156523382524, 0.1735417358103662766 ) ) ;
#766 = ORIENTED_EDGE ( 'NONE', *, *, #994, .T. ) ;
#767 = CARTESIAN_POINT ( 'NONE',  ( -26.63469703116609821, -10.20549164298040168, 10.18359880002449103 ) ) ;
#768 = FILL_AREA_STYLE ('',( #225 ) ) ;
#769 = PRESENTATION_STYLE_ASSIGNMENT (( #1750 ) ) ;
#770 = CARTESIAN_POINT ( 'NONE',  ( -23.55232384940698154, 10.63361401711090259, 7.754060660285764683 ) ) ;
#771 = CARTESIAN_POINT ( 'NONE',  ( 4.769036056149215774, 2.762877488104213963, 7.253537243666408507 ) ) ;
#772 = ADVANCED_FACE ( 'NONE', ( #363 ), #1615, .T. ) ;
#773 = DIRECTION ( 'NONE',  ( 1.000000000000000000, 0.000000000000000000, 0.000000000000000000 ) ) ;
#774 = EDGE_LOOP ( 'NONE', ( #1470, #897, #256, #644 ) ) ;
#775 = CARTESIAN_POINT ( 'NONE',  ( -30.54267774618761067, 4.062079489156091405, 30.00000000000000355 ) ) ;
#776 = DIRECTION ( 'NONE',  ( -1.000000000000000000, 0.000000000000000000, 0.000000000000000000 ) ) ;
#777 = ORIENTED_EDGE ( 'NONE', *, *, #972, .F. ) ;
#778 = CARTESIAN_POINT ( 'NONE',  ( -23.06188106195710930, 10.13708054367646838, 10.57182278685868404 ) ) ;
#779 = CARTESIAN_POINT ( 'NONE',  ( 5.499999999999995559, 0.3667694668678798675, 7.000000000000001776 ) ) ;
#780 = AXIS2_PLACEMENT_3D ( 'NONE', #1680, #150, #1150 ) ;
#781 = CARTESIAN_POINT ( 'NONE',  ( -24.08319897114206753, -10.61301762214995037, 7.870942491562135324 ) ) ;
#782 = EDGE_CURVE ( 'NONE', #244, #1344, #535, .T. ) ;
#783 = ORIENTED_EDGE ( 'NONE', *, *, #903, .F. ) ;
#784 = LINE ( 'NONE', #255, #1253 ) ;
#785 = ORIENTED_EDGE ( 'NONE', *, *, #356, .T. ) ;
#786 = CARTESIAN_POINT ( 'NONE',  ( -25.00000000000000000, 0.000000000000000000, 6.999999999999999112 ) ) ;
#787 = EDGE_CURVE ( 'NONE', #1575, #1236, #733, .T. ) ;
#788 = EDGE_LOOP ( 'NONE', ( #777, #811, #1642, #1501, #1142 ) ) ;
#789 = AXIS2_PLACEMENT_3D ( 'NONE', #957, #978, #1654 ) ;
#790 = CIRCLE ( 'NONE', #845, 15.00000000000000000 ) ;
#791 = APPLICATION_PROTOCOL_DEFINITION ( 'draft international standard', 'automotive_design', 1998, #1517 ) ;
#792 = CARTESIAN_POINT ( 'NONE',  ( -23.61005646376353084, 10.12770562478468683, 10.62502421800009245 ) ) ;
#793 = CARTESIAN_POINT ( 'NONE',  ( -4.938233124822312803, 2.448146239783083544, 7.197324173196232522 ) ) ;
#794 = ORIENTED_EDGE ( 'NONE', *, *, #1183, .T. ) ;
#795 = CARTESIAN_POINT ( 'NONE',  ( 27.00000000000000355, 10.03034696869532461, -0.3470834716207325532 ) ) ;
#796 = ORIENTED_EDGE ( 'NONE', *, *, #648, .T. ) ;
#797 = CARTESIAN_POINT ( 'NONE',  ( -30.71401702277676193, 7.173671799670878535, 27.38877747609135227 ) ) ;
#798 = VERTEX_POINT ( 'NONE', #1385 ) ;
#799 = ORIENTED_EDGE ( 'NONE', *, *, #1172, .F. ) ;
#800 = DIRECTION ( 'NONE',  ( 0.08584310619312052193, 0.1729011355768436675, 0.9811911936189372518 ) ) ;
#801 = CARTESIAN_POINT ( 'NONE',  ( 5.208545372445751553, 1.775865982334987603, 7.104479973903930379 ) ) ;
#802 = ORIENTED_EDGE ( 'NONE', *, *, #1744, .F. ) ;
#803 = DIRECTION ( 'NONE',  ( 1.000000000000000000, -0.000000000000000000, -0.000000000000000000 ) ) ;
#804 = LINE ( 'NONE', #262, #1369 ) ;
#805 = ORIENTED_EDGE ( 'NONE', *, *, #1229, .T. ) ;
#806 = DIRECTION ( 'NONE',  ( 1.000000000000000000, -0.000000000000000000, 0.000000000000000000 ) ) ;
#807 = EDGE_CURVE ( 'NONE', #560, #138, #54, .T. ) ;
#808 = ORIENTED_EDGE ( 'NONE', *, *, #390, .F. ) ;
#809 = CARTESIAN_POINT ( 'NONE',  ( 30.62624059440944890, -4.429542652613917220, 28.72649636567153308 ) ) ;
#810 = DIRECTION ( 'NONE',  ( -1.000000000000000000, 0.000000000000000000, -0.000000000000000000 ) ) ;
#811 = ORIENTED_EDGE ( 'NONE', *, *, #516, .T. ) ;
#812 = CARTESIAN_POINT ( 'NONE',  ( 26.63383032620235724, -10.20590634385532169, 10.18124542712673808 ) ) ;
#813 = CARTESIAN_POINT ( 'NONE',  ( 23.00000000000000000, 8.669309383138742220, 7.376625737558973661 ) ) ;
#814 = ORIENTED_EDGE ( 'NONE', *, *, #912, .F. ) ;
#815 = ORIENTED_EDGE ( 'NONE', *, *, #1618, .F. ) ;
#816 = CIRCLE ( 'NONE', #385, 13.00000000000000000 ) ;
#817 = CARTESIAN_POINT ( 'NONE',  ( 33.51269272005943378, 0.000000000000000000, 16.99999999999999645 ) ) ;
#818 = CARTESIAN_POINT ( 'NONE',  ( -34.99999999999999289, -9.999901859942591287, 0.000000000000000000 ) ) ;
#819 = AXIS2_PLACEMENT_3D ( 'NONE', #1261, #18, #1534 ) ;
#820 = ORIENTED_EDGE ( 'NONE', *, *, #285, .F. ) ;
#821 = CARTESIAN_POINT ( 'NONE',  ( 33.51269272005943378, 0.000000000000000000, 16.99999999999999645 ) ) ;
#822 = CARTESIAN_POINT ( 'NONE',  ( 24.54291621720035366, -7.709150883121125730, 9.980145063399605831 ) ) ;
#823 = AXIS2_PLACEMENT_3D ( 'NONE', #905, #1440, #1327 ) ;
#824 = DIRECTION ( 'NONE',  ( 0.000000000000000000, 0.000000000000000000, -1.000000000000000000 ) ) ;
#825 = CARTESIAN_POINT ( 'NONE',  ( 32.96890151633454025, -5.908959093914030625, 23.21556190035749978 ) ) ;
#826 = DIRECTION ( 'NONE',  ( 0.000000000000000000, -1.000000000000000000, -0.000000000000000000 ) ) ;
#827 = VERTEX_POINT ( 'NONE', #1506 ) ;
#828 = CARTESIAN_POINT ( 'NONE',  ( 26.51923385422001900, -10.24903152094721648, 9.936515721652840583 ) ) ;
#829 = FACE_BOUND ( 'NONE', #942, .T. ) ;
#830 = UNCERTAINTY_MEASURE_WITH_UNIT (LENGTH_MEASURE( 1.000000000000000082E-05 ), #1624, 'distance_accuracy_value', 'NONE');
#831 = CARTESIAN_POINT ( 'NONE',  ( 30.90668696093233336, 5.768320551622823977, 23.83935563678081593 ) ) ;
#832 = CARTESIAN_POINT ( 'NONE',  ( 32.48267854304246072, -4.355033455421194688, 28.77311591590792261 ) ) ;
#833 = CARTESIAN_POINT ( 'NONE',  ( -24.80315641816504169, -7.757789283057727303, 10.49727157617120632 ) ) ;
#834 = ADVANCED_FACE ( 'NONE', ( #432 ), #1657, .T. ) ;
#835 = CARTESIAN_POINT ( 'NONE',  ( 23.32786444985040575, -10.13564699409773517, 10.57995799209304266 ) ) ;
#836 = ORIENTED_EDGE ( 'NONE', *, *, #1229, .F. ) ;
#837 = CARTESIAN_POINT ( 'NONE',  ( 23.12477038206720081, 10.13702179171369444, 10.57215619652047778 ) ) ;
#838 = EDGE_CURVE ( 'NONE', #1209, #1518, #527, .T. ) ;
#839 = DIRECTION ( 'NONE',  ( 0.000000000000000000, 0.1735417358103668040, -0.9848265156523382524 ) ) ;
#840 = CARTESIAN_POINT ( 'NONE',  ( -23.54949347661087344, -10.63367093306611899, 7.753737669729056314 ) ) ;
#841 = CARTESIAN_POINT ( 'NONE',  ( -32.44274816461638977, -3.546197889116575297, 29.22952222979657577 ) ) ;
#842 = CARTESIAN_POINT ( 'NONE',  ( -24.95583189834682614, 7.814013549656448454, 11.00222071810325630 ) ) ;
#843 = DIRECTION ( 'NONE',  ( -0.000000000000000000, -0.000000000000000000, 1.000000000000000000 ) ) ;
#844 = ORIENTED_EDGE ( 'NONE', *, *, #700, .T. ) ;
#846 = FACE_OUTER_BOUND ( 'NONE', #885, .T. ) ;
#845 = AXIS2_PLACEMENT_3D ( 'NONE', #1545, #36, #313 ) ;
#847 = EDGE_CURVE ( 'NONE', #1122, #1770, #1512, .T. ) ;
#848 = COLOUR_RGB ( '',0.7921568627450980005, 0.8196078431372548767, 0.9333333333333333481 ) ;
#849 = CARTESIAN_POINT ( 'NONE',  ( -4.939722229943567910, -2.444914602058334996, 7.196821445027945963 ) ) ;
#850 = CARTESIAN_POINT ( 'NONE',  ( -27.00000000000000000, -9.879993056239577243, 12.03076044983080273 ) ) ;
#851 = CARTESIAN_POINT ( 'NONE',  ( -40.00000000000000000, -10.63896241444342117, 7.723709209179705049 ) ) ;
#852 = CARTESIAN_POINT ( 'NONE',  ( 33.51269272005943378, 0.000000000000000000, 16.99999999999999645 ) ) ;
#853 = CARTESIAN_POINT ( 'NONE',  ( 30.99108272770577699, -7.907959555711149946, 23.22179108004931081 ) ) ;
#854 = EDGE_LOOP ( 'NONE', ( #632, #1777, #510, #169 ) ) ;
#855 = CARTESIAN_POINT ( 'NONE',  ( 23.83675885868551703, 10.11541404334411709, 10.69477732531887959 ) ) ;
#856 = ADVANCED_FACE ( 'NONE', ( #1661 ), #963, .T. ) ;
#857 = CARTESIAN_POINT ( 'NONE',  ( -23.00000000000000000, 0.000000000000000000, 6.999999999999999112 ) ) ;
#858 = CARTESIAN_POINT ( 'NONE',  ( 4.468331690939443490, -3.211875677920719152, 7.347116782229916154 ) ) ;
#859 = CARTESIAN_POINT ( 'NONE',  ( -25.72205445672883073, -10.44194894275989149, 8.841734737440393843 ) ) ;
#860 = CYLINDRICAL_SURFACE ( 'NONE', #898, 5.499999999999994671 ) ;
#861 = CARTESIAN_POINT ( 'NONE',  ( -25.00000000000000000, 0.000000000000000000, 0.000000000000000000 ) ) ;
#862 = CARTESIAN_POINT ( 'NONE',  ( 23.12541470640767471, -10.13702145652767328, 10.57215809866133327 ) ) ;
#863 = EDGE_CURVE ( 'NONE', #1363, #505, #359, .T. ) ;
#864 = ORIENTED_EDGE ( 'NONE', *, *, #985, .T. ) ;
#865 = CARTESIAN_POINT ( 'NONE',  ( -2.749999999999999556, 3.367778697655221012E-16, 3.299999999999999378 ) ) ;
#866 = CARTESIAN_POINT ( 'NONE',  ( -27.00000000000000355, 5.908959093914029737, 23.04125041486219416 ) ) ;
#867 = LINE ( 'NONE', #1291, #554 ) ;
#868 = CARTESIAN_POINT ( 'NONE',  ( 23.27724143069310614, 10.63896241444342117, 7.723709209179707713 ) ) ;
#869 = DIRECTION ( 'NONE',  ( 0.000000000000000000, 0.000000000000000000, -1.000000000000000000 ) ) ;
#870 = CARTESIAN_POINT ( 'NONE',  ( -26.24572485745513717, 10.33093646264884669, 9.471715954760638212 ) ) ;
#871 = CARTESIAN_POINT ( 'NONE',  ( -30.54267774618761067, 0.000000000000000000, 30.00000000000000000 ) ) ;
#872 = ORIENTED_EDGE ( 'NONE', *, *, #949, .F. ) ;
#873 = DIRECTION ( 'NONE',  ( 0.08584310619312049417, 0.1729011355768436120, 0.9811911936189370298 ) ) ;
#874 = VECTOR ( 'NONE', #1066, 1000.000000000000227 ) ;
#875 = AXIS2_PLACEMENT_3D ( 'NONE', #1293, #1677, #1139 ) ;
#876 = CARTESIAN_POINT ( 'NONE',  ( 0.7244079570518597855, -5.464142741438426931, 8.030426841621142842 ) ) ;
#877 = CARTESIAN_POINT ( 'NONE',  ( 24.84453618344408099, 10.55714040574011925, 8.188038342218893817 ) ) ;
#878 = EDGE_LOOP ( 'NONE', ( #659, #354, #135, #1360 ) ) ;
#879 = PRODUCT_RELATED_PRODUCT_CATEGORY ( 'part', '', ( #227 ) ) ;
#880 = CARTESIAN_POINT ( 'NONE',  ( -25.00000000000000000, 0.000000000000000000, 22.00000000000000000 ) ) ;
#881 = LINE ( 'NONE', #1699, #251 ) ;
#882 = CARTESIAN_POINT ( 'NONE',  ( -23.00000000000000000, -10.63896241444342117, 7.723709209179705937 ) ) ;
#883 = CARTESIAN_POINT ( 'NONE',  ( 2.750000000000000000, 0.000000000000000000, 3.299999999999999378 ) ) ;
#884 = DIRECTION ( 'NONE',  ( 1.000000000000000000, 0.000000000000000000, 0.000000000000000000 ) ) ;
#885 = EDGE_LOOP ( 'NONE', ( #1636, #380, #120, #844, #275, #1040 ) ) ;
#886 = CARTESIAN_POINT ( 'NONE',  ( -25.19631031748298966, 10.51726804113208047, 8.414308764860443546 ) ) ;
#887 = CARTESIAN_POINT ( 'NONE',  ( -23.83611794419439533, 10.11547579727631074, 10.69442687987852914 ) ) ;
#888 = CARTESIAN_POINT ( 'NONE',  ( 23.55232384940698154, -10.63361401711094878, 7.754060660285493789 ) ) ;
#889 = CARTESIAN_POINT ( 'NONE',  ( 24.98889021229360097, 7.859790826123883356, 11.33966973643988574 ) ) ;
#890 = CARTESIAN_POINT ( 'NONE',  ( -24.87354663933378518, -9.935998691542012651, 11.71293583885648459 ) ) ;
#891 = CARTESIAN_POINT ( 'NONE',  ( -40.00000000000000000, 0.000000000000000000, 16.99999999999999645 ) ) ;
#892 = DIRECTION ( 'NONE',  ( 0.000000000000000000, 0.000000000000000000, -1.000000000000000000 ) ) ;
#893 = CARTESIAN_POINT ( 'NONE',  ( -24.34765089385524917, 10.59737818090501627, 7.959694262748902460 ) ) ;
#894 = CARTESIAN_POINT ( 'NONE',  ( -1.779182173358375474, 5.216771900282709318, 7.935613000494452507 ) ) ;
#895 = CARTESIAN_POINT ( 'NONE',  ( -26.88689865144561253, -10.06931122262665745, 10.95640476655923479 ) ) ;
#896 = AXIS2_PLACEMENT_3D ( 'NONE', #1480, #392, #655 ) ;
#897 = ORIENTED_EDGE ( 'NONE', *, *, #232, .F. ) ;
#899 = CARTESIAN_POINT ( 'NONE',  ( -24.90919057201410780, -7.796399222890524783, 10.84503642557693048 ) ) ;
#898 = AXIS2_PLACEMENT_3D ( 'NONE', #706, #1537, #47 ) ;
#900 = ADVANCED_FACE ( 'NONE', ( #301 ), #1365, .F. ) ;
#901 = FACE_OUTER_BOUND ( 'NONE', #1073, .T. ) ;
#902 = MECHANICAL_DESIGN_GEOMETRIC_PRESENTATION_REPRESENTATION (  '', ( #40 ), #1141 ) ;
#903 = EDGE_CURVE ( 'NONE', #94, #973, #749, .T. ) ;
#904 = ORIENTED_EDGE ( 'NONE', *, *, #1319, .F. ) ;
#905 = CARTESIAN_POINT ( 'NONE',  ( -23.00000000000000000, 0.000000000000000000, 22.00000000000000000 ) ) ;
#906 = CARTESIAN_POINT ( 'NONE',  ( 30.62624059441066038, 4.429542652614347986, 28.72649636567117071 ) ) ;
#907 = DIRECTION ( 'NONE',  ( 0.000000000000000000, 0.9848265156523381414, 0.1735417358103666652 ) ) ;
#908 = VERTEX_POINT ( 'NONE', #818 ) ;
#909 = EDGE_CURVE ( 'NONE', #662, #528, #1676, .T. ) ;
#910 = DIRECTION ( 'NONE',  ( 0.000000000000000000, 0.000000000000000000, -1.000000000000000000 ) ) ;
#911 = FACE_BOUND ( 'NONE', #1023, .T. ) ;
#912 = EDGE_CURVE ( 'NONE', #1745, #381, #1292, .T. ) ;
#913 = EDGE_CURVE ( 'NONE', #1726, #973, #316, .T. ) ;
#914 = CARTESIAN_POINT ( 'NONE',  ( -24.26047094330039045, 7.682295079058063969, 9.633290455980654698 ) ) ;
#915 = CARTESIAN_POINT ( 'NONE',  ( 1.951441625476238340, 5.145292537791030796, 7.909884835173419226 ) ) ;
#916 = CARTESIAN_POINT ( 'NONE',  ( -24.84453618344408099, -10.55714040574012635, 8.188038342218893817 ) ) ;
#917 = ADVANCED_FACE ( 'NONE', ( #198 ), #860, .F. ) ;
#918 = ORIENTED_EDGE ( 'NONE', *, *, #1546, .T. ) ;
#919 = CARTESIAN_POINT ( 'NONE',  ( -34.99999999999999289, -9.999901859942591287, 0.000000000000000000 ) ) ;
#920 =( BOUNDED_SURFACE ( )  B_SPLINE_SURFACE ( 3, 2, ( 
 ( #1155, #185, #49 ),
 ( #1285, #335, #42 ),
 ( #842, #708, #1266 ),
 ( #585, #1009, #194 ),
 ( #467, #1569, #1148 ),
 ( #1129, #457, #870 ),
 ( #1428, #650, #763 ),
 ( #350, #887, #1309 ),
 ( #914, #1751, #1064 ),
 ( #1465, #792, #1613 ),
 ( #238, #343, #507 ),
 ( #612, #1728, #1033 ),
 ( #1762, #229, #490 ),
 ( #1441, #68, #893 ),
 ( #1448, #208, #1173 ),
 ( #218, #1328, #770 ),
 ( #754, #778, #514 ),
 ( #1320, #1473, #1190 ) ),
 .UNSPECIFIED., .F., .F., .T. ) 
 B_SPLINE_SURFACE_WITH_KNOTS ( ( 4, 2, 2, 2, 2, 2, 2, 2, 4 ),
 ( 3, 3 ),
 ( 0.003808993247287121436, 0.005439478726808718440, 0.006254721466569516941, 0.007069964206330314575, 0.007885206946091112210, 0.008292828315971511460, 0.008700449685851910711, 0.009515692425612709213, 0.01033093516537350771 ),
 ( 0.000000000000000000, 1.000000000000000000 ),
 .UNSPECIFIED. ) 
 GEOMETRIC_REPRESENTATION_ITEM ( )  RATIONAL_B_SPLINE_SURFACE ( (
 ( 1.000000000000000000, 0.7071067811865473507, 1.000000000000000000),
 ( 1.000000000000000000, 0.6870994990010160786, 1.000000000000000000),
 ( 1.000000000000000000, 0.6685862622620244444, 1.000000000000000000),
 ( 1.000000000000000000, 0.6430826220576506547, 1.000000000000000000),
 ( 1.000000000000000000, 0.6351937617207713549, 1.000000000000000000),
 ( 1.000000000000000000, 0.6205070242594754593, 1.000000000000000000),
 ( 1.000000000000000000, 0.6136743408851740300, 1.000000000000000000),
 ( 1.000000000000000000, 0.6012214720081686670, 1.000000000000000000),
 ( 1.000000000000000000, 0.5957514177737891492, 1.000000000000000000),
 ( 1.000000000000000000, 0.5885830206732741710, 1.000000000000000000),
 ( 1.000000000000000000, 0.5863677793065041888, 1.000000000000000000),
 ( 1.000000000000000000, 0.5822871894945610416, 1.000000000000000000),
 ( 1.000000000000000000, 0.5804193092377517571, 1.000000000000000000),
 ( 1.000000000000000000, 0.5754780047847254387, 1.000000000000000000),
 ( 1.000000000000000000, 0.5730035121941566834, 1.000000000000000000),
 ( 1.000000000000000000, 0.5696496255746560378, 1.000000000000000000),
 ( 1.000000000000000000, 0.5687856050203066172, 1.000000000000000000),
 ( 1.000000000000000000, 0.5687964589945212479, 1.000000000000000000) ) ) 
 REPRESENTATION_ITEM ( '' )  SURFACE ( )  );
#921 = ORIENTED_EDGE ( 'NONE', *, *, #913, .F. ) ;
#922 =( NAMED_UNIT ( * ) SI_UNIT ( $, .STERADIAN. ) SOLID_ANGLE_UNIT ( ) );
#923 = ORIENTED_EDGE ( 'NONE', *, *, #1372, .F. ) ;
#924 = CARTESIAN_POINT ( 'NONE',  ( 32.69716227257063679, 4.391791093178746941, 26.32155566929200674 ) ) ;
#925 = CARTESIAN_POINT ( 'NONE',  ( -2.278917666063665859, 5.008900461947391136, 7.860822554152482766 ) ) ;
#926 = EDGE_CURVE ( 'NONE', #531, #979, #1608, .T. ) ;
#927 = CARTESIAN_POINT ( 'NONE',  ( 25.19631031748297545, -10.51726804113208047, 8.414308764860445322 ) ) ;
#928 = ORIENTED_EDGE ( 'NONE', *, *, #847, .T. ) ;
#929 = CARTESIAN_POINT ( 'NONE',  ( -34.99999999999999289, 9.999901859942594839, 0.000000000000000000 ) ) ;
#930 = ORIENTED_EDGE ( 'NONE', *, *, #547, .T. ) ;
#931 = CARTESIAN_POINT ( 'NONE',  ( 23.30856343941378483, -7.650512277907346892, 9.118899315711029629 ) ) ;
#932 = AXIS2_PLACEMENT_3D ( 'NONE', #520, #1059, #1212 ) ;
#933 = ORIENTED_EDGE ( 'NONE', *, *, #620, .F. ) ;
#934 = AXIS2_PLACEMENT_3D ( 'NONE', #1082, #406, #1638 ) ;
#935 = CIRCLE ( 'NONE', #819, 15.00000000000000000 ) ;
#936 = CARTESIAN_POINT ( 'NONE',  ( -33.07414199593647908, -10.13390625189893690, -0.9347687772022815755 ) ) ;
#937 = CARTESIAN_POINT ( 'NONE',  ( 2.761051523017443277, 4.760136364453321001, 7.775050842188854006 ) ) ;
#938 = ORIENTED_EDGE ( 'NONE', *, *, #1111, .T. ) ;
#939 = CYLINDRICAL_SURFACE ( 'NONE', #1339, 1.999999999999999334 ) ;
#940 = ORIENTED_EDGE ( 'NONE', *, *, #12, .F. ) ;
#941 = PLANE ( 'NONE',  #1535 ) ;
#942 = EDGE_LOOP ( 'NONE', ( #114, #73 ) ) ;
#943 = CARTESIAN_POINT ( 'NONE',  ( 24.81429608353382932, -7.756233061885833280, 10.49529243047775751 ) ) ;
#944 = ORIENTED_EDGE ( 'NONE', *, *, #1432, .F. ) ;
#945 = CARTESIAN_POINT ( 'NONE',  ( 32.64570027177958167, -6.383690907244826462, 26.90976902992098374 ) ) ;
#946 = CARTESIAN_POINT ( 'NONE',  ( -32.37534009421519698, -0.9123331350737529100, 29.99999999999636913 ) ) ;
#947 = ORIENTED_EDGE ( 'NONE', *, *, #1024, .F. ) ;
#948 = CARTESIAN_POINT ( 'NONE',  ( 23.83611794419439889, -10.11547579727607094, 10.69442687987780261 ) ) ;
#949 = EDGE_CURVE ( 'NONE', #731, #94, #1282, .T. ) ;
#950 = CARTESIAN_POINT ( 'NONE',  ( -34.18458514990512498, -11.99999999999999645, 0.000000000000000000 ) ) ;
#951 = ORIENTED_EDGE ( 'NONE', *, *, #1616, .F. ) ;
#952 = DIRECTION ( 'NONE',  ( 0.000000000000000000, -0.9848265156523381414, -0.1735417358103667762 ) ) ;
#953 = VERTEX_POINT ( 'NONE', #308 ) ;
#954 = CARTESIAN_POINT ( 'NONE',  ( 33.51269272005943378, 10.00000000000000000, 16.99999999999999645 ) ) ;
#955 = DIRECTION ( 'NONE',  ( 0.000000000000000000, 0.000000000000000000, -1.000000000000000000 ) ) ;
#956 = ORIENTED_EDGE ( 'NONE', *, *, #286, .T. ) ;
#957 = CARTESIAN_POINT ( 'NONE',  ( 23.00000000000000000, 0.000000000000000000, 22.00000000000000000 ) ) ;
#958 = CARTESIAN_POINT ( 'NONE',  ( 24.34842733160717998, 10.59731167200826540, 7.960071691986541964 ) ) ;
#959 = VERTEX_POINT ( 'NONE', #438 ) ;
#960 = CARTESIAN_POINT ( 'NONE',  ( 30.97651212015104605, 7.878612125218705131, 23.38833388648292910 ) ) ;
#961 = CIRCLE ( 'NONE', #1426, 8.000000000000000000 ) ;
#962 = CARTESIAN_POINT ( 'NONE',  ( 32.58762254854001839, -2.708346740472993730, 27.57360044419206702 ) ) ;
#963 = CYLINDRICAL_SURFACE ( 'NONE', #1741, 8.000000000000000000 ) ;
#964 = VECTOR ( 'NONE', #1424, 1000.000000000000000 ) ;
#965 = COLOUR_RGB ( '',0.7921568627450980005, 0.8196078431372548767, 0.9333333333333333481 ) ;
#966 = VERTEX_POINT ( 'NONE', #39 ) ;
#967 = CYLINDRICAL_SURFACE ( 'NONE', #1479, 5.000000000000000888 ) ;
#968 = CARTESIAN_POINT ( 'NONE',  ( 23.56302177196158354, 10.12995255113059123, 10.61227320664226781 ) ) ;
#969 = DIRECTION ( 'NONE',  ( 0.000000000000000000, 0.000000000000000000, -1.000000000000000000 ) ) ;
#970 = CARTESIAN_POINT ( 'NONE',  ( 32.74466778766084474, -4.847351737668533112, 25.77856514714125069 ) ) ;
#971 = CARTESIAN_POINT ( 'NONE',  ( -24.43821928698156398, -7.697243353608105743, 9.834371843272606384 ) ) ;
#972 = EDGE_CURVE ( 'NONE', #908, #25, #983, .T. ) ;
#973 = VERTEX_POINT ( 'NONE', #175 ) ;
#974 = CARTESIAN_POINT ( 'NONE',  ( 27.00000000000000355, 7.910340024934900072, 11.68367697821007134 ) ) ;
#975 = CARTESIAN_POINT ( 'NONE',  ( -26.08294723547472671, -10.37051794378582770, 9.247096257542175124 ) ) ;
#976 = CARTESIAN_POINT ( 'NONE',  ( -25.00000000000000000, 0.000000000000000000, 22.00000000000000000 ) ) ;
#977 = EDGE_CURVE ( 'NONE', #44, #1213, #59, .T. ) ;
#978 = DIRECTION ( 'NONE',  ( 1.000000000000000000, -0.000000000000000000, 0.000000000000000000 ) ) ;
#979 = VERTEX_POINT ( 'NONE', #1709 ) ;
#980 = DIRECTION ( 'NONE',  ( 0.000000000000000000, 0.000000000000000000, -1.000000000000000000 ) ) ;
#981 = LINE ( 'NONE', #1298, #1051 ) ;
#982 = CARTESIAN_POINT ( 'NONE',  ( 25.00000000000000000, 0.000000000000000000, 0.000000000000000000 ) ) ;
#983 = LINE ( 'NONE', #999, #1538 ) ;
#984 = AXIS2_PLACEMENT_3D ( 'NONE', #1123, #567, #1655 ) ;
#985 = EDGE_CURVE ( 'NONE', #505, #1363, #990, .T. ) ;
#986 = CIRCLE ( 'NONE', #1775, 2.749999999999998668 ) ;
#987 = CARTESIAN_POINT ( 'NONE',  ( 32.96890151633454025, 5.908959093914032401, 23.21556190035749978 ) ) ;
#988 = B_SPLINE_CURVE_WITH_KNOTS ( 'NONE', 3,
 ( #89, #1348, #529, #1617, #501, #1731, #1742, #378, #927, #1475, #1765, #1219, #1367, #1094, #1102, #428, #565, #1267 ),
 .UNSPECIFIED., .F., .F.,
 ( 4, 2, 2, 2, 2, 2, 2, 2, 4 ),
 ( 0.000000000000000000, 0.0008312224524980412659, 0.001662444904996081664, 0.002078056131245103327, 0.002493667357494125207, 0.003324889809992159859, 0.004156112262490194512, 0.004987334714988229598, 0.006649779619984298902 ),
 .UNSPECIFIED. ) ;
#989 = LINE ( 'NONE', #1706, #1019 ) ;
#990 = CIRCLE ( 'NONE', #498, 2.750000000000000000 ) ;
#991 = ORIENTED_EDGE ( 'NONE', *, *, #286, .F. ) ;
#993 = CARTESIAN_POINT ( 'NONE',  ( -25.00000000000000000, 6.123233995736765296E-16, 27.00000000000000000 ) ) ;
#992 = AXIS2_PLACEMENT_3D ( 'NONE', #1069, #1734, #1622 ) ;
#994 = EDGE_CURVE ( 'NONE', #1630, #1481, #607, .T. ) ;
#995 = CARTESIAN_POINT ( 'NONE',  ( -33.51269272005939115, -9.999999999999998224, 16.99999999999999645 ) ) ;
#996 = VECTOR ( 'NONE', #361, 1000.000000000000000 ) ;
#997 = FACE_OUTER_BOUND ( 'NONE', #110, .T. ) ;
#998 = CARTESIAN_POINT ( 'NONE',  ( -23.32811368692443565, -10.13564125029715868, 10.57999058740809062 ) ) ;
#999 = CARTESIAN_POINT ( 'NONE',  ( -34.99999999999999289, -12.00000000000000000, 0.000000000000000000 ) ) ;
#1000 = CARTESIAN_POINT ( 'NONE',  ( -24.72437003643284825, 10.56684060757129195, 8.132990973204730523 ) ) ;
#1001 = CARTESIAN_POINT ( 'NONE',  ( 22.99999999999986144, -10.63896241444342117, 7.723709209179707713 ) ) ;
#1002 =( BOUNDED_CURVE ( )  B_SPLINE_CURVE ( 3, ( #401, #950, #1049, #919 ),
 .UNSPECIFIED., .F., .T. ) 
 B_SPLINE_CURVE_WITH_KNOTS ( ( 4, 4 ),
 ( 2.688279136972254069, 4.243949728127317300 ),
 .UNSPECIFIED. ) 
 CURVE ( )  GEOMETRIC_REPRESENTATION_ITEM ( )  RATIONAL_B_SPLINE_CURVE ( ( 1.000000000000000000, 0.8082895088279828943, 0.8082895088279828943, 1.000000000000000000 ) ) 
 REPRESENTATION_ITEM ( '' )  );
#1003 = ORIENTED_EDGE ( 'NONE', *, *, #74, .T. ) ;
#1004 = DIRECTION ( 'NONE',  ( 1.000000000000000000, 0.000000000000000000, 0.000000000000000000 ) ) ;
#1005 = CARTESIAN_POINT ( 'NONE',  ( 27.00000000000000355, 7.878612125218705131, 23.38833388648292910 ) ) ;
#1006 = CARTESIAN_POINT ( 'NONE',  ( -5.455376907254888330, -0.7223410416148315916, 7.016313524984973071 ) ) ;
#1007 = CARTESIAN_POINT ( 'NONE',  ( 23.54923267186716274, 10.63367594766145174, 7.753709212560376152 ) ) ;
#1008 = CARTESIAN_POINT ( 'NONE',  ( 33.51269272005943378, -10.00000000000000000, 16.99999999999999645 ) ) ;
#1009 = CARTESIAN_POINT ( 'NONE',  ( -24.43555728570276031, 10.04494234203589365, 11.09469495738926348 ) ) ;
#1010 = CARTESIAN_POINT ( 'NONE',  ( -32.37534009422246584, 0.000000000000000000, 30.00000000000000355 ) ) ;
#1011 = FACE_OUTER_BOUND ( 'NONE', #475, .T. ) ;
#1012 = CARTESIAN_POINT ( 'NONE',  ( -32.98347212388922856, -5.938306524406472775, 23.04901909392388148 ) ) ;
#1013 = CARTESIAN_POINT ( 'NONE',  ( -32.53506714237110486, 0.000000000000000000, 28.17431148549530562 ) ) ;
#1014 = CARTESIAN_POINT ( 'NONE',  ( 5.499999999999994671, -1.178240846658448942E-16, 6.999999999999999112 ) ) ;
#1015 = DIRECTION ( 'NONE',  ( -0.000000000000000000, -0.000000000000000000, 1.000000000000000000 ) ) ;
#1016 = DIRECTION ( 'NONE',  ( 0.000000000000000000, 0.000000000000000000, -1.000000000000000000 ) ) ;
#1017 = CARTESIAN_POINT ( 'NONE',  ( -30.75227839147636288, 6.463135650224856477, 26.80567154886074022 ) ) ;
#1018 = CARTESIAN_POINT ( 'NONE',  ( -32.63780608480021783, 6.123233995736766282E-16, 27.00000000000000000 ) ) ;
#1019 = VECTOR ( 'NONE', #1407, 999.9999999999998863 ) ;
#1020 = AXIS2_PLACEMENT_3D ( 'NONE', #647, #1471, #752 ) ;
#1021 = CARTESIAN_POINT ( 'NONE',  ( 0.3653653534849151674, -5.499801783164628866, 8.044636142654004729 ) ) ;
#1022 = DIRECTION ( 'NONE',  ( -1.000000000000000000, 0.000000000000000000, -0.000000000000000000 ) ) ;
#1023 = EDGE_LOOP ( 'NONE', ( #482, #697 ) ) ;
#1024 = EDGE_CURVE ( 'NONE', #827, #1230, #324, .T. ) ;
#1025 = CARTESIAN_POINT ( 'NONE',  ( -25.08309377186125033, 10.53064374160107519, 8.338403424708234368 ) ) ;
#1026 = CARTESIAN_POINT ( 'NONE',  ( -32.54583598311418058, 1.396199671946250609, 28.05122307256174352 ) ) ;
#1027 = ADVANCED_FACE ( 'NONE', ( #1031 ), #1583, .T. ) ;
#1028 = CARTESIAN_POINT ( 'NONE',  ( 24.62240774312574487, 7.720273714905679263, 10.10958232048122341 ) ) ;
#1029 = CARTESIAN_POINT ( 'NONE',  ( -24.03284668281046521, -10.09871608369445184, 10.78953604916462972 ) ) ;
#1030 = DIRECTION ( 'NONE',  ( 0.08715574274765124085, 0.000000000000000000, -0.9961946980917461003 ) ) ;
#1031 = FACE_OUTER_BOUND ( 'NONE', #1341, .T. ) ;
#1032 = ORIENTED_EDGE ( 'NONE', *, *, #1556, .F. ) ;
#1033 = CARTESIAN_POINT ( 'NONE',  ( -24.84495334561986368, 10.55565331550104879, 8.196477383650444537 ) ) ;
#1034 = CARTESIAN_POINT ( 'NONE',  ( -0.7286144816497093224, 5.463443935346690594, 8.030155139796081087 ) ) ;
#1035 = EDGE_CURVE ( 'NONE', #1492, #94, #9, .T. ) ;
#1036 = DIRECTION ( 'NONE',  ( 0.000000000000000000, 0.000000000000000000, -1.000000000000000000 ) ) ;
#1037 = EDGE_LOOP ( 'NONE', ( #766, #1584 ) ) ;
#1038 = CARTESIAN_POINT ( 'NONE',  ( -24.54147361762494839, -7.708990168935896392, 9.978163096181702940 ) ) ;
#1039 = CARTESIAN_POINT ( 'NONE',  ( -25.00000000000000000, -5.908959093914031513, 23.04125041486219416 ) ) ;
#1040 = ORIENTED_EDGE ( 'NONE', *, *, #1532, .T. ) ;
#1041 = CARTESIAN_POINT ( 'NONE',  ( 32.90873818912728410, 5.787780957945325433, 23.90323187704467145 ) ) ;
#1042 = CARTESIAN_POINT ( 'NONE',  ( 3.637653226924757455, 4.140609867020016210, 7.580445912077237836 ) ) ;
#1043 = EDGE_CURVE ( 'NONE', #278, #798, #986, .T. ) ;
#1044 = AXIS2_PLACEMENT_3D ( 'NONE', #936, #800, #1081 ) ;
#1045 = CARTESIAN_POINT ( 'NONE',  ( 23.00000000000000000, 0.000000000000000000, 9.000000000000000000 ) ) ;
#1046 = CIRCLE ( 'NONE', #418, 2.000000000000000000 ) ;
#1047 = ORIENTED_EDGE ( 'NONE', *, *, #912, .T. ) ;
#1049 = CARTESIAN_POINT ( 'NONE',  ( -34.99999999999999289, -11.17517254308317298, 0.000000000000000000 ) ) ;
#1048 = AXIS2_PLACEMENT_3D ( 'NONE', #976, #1217, #1109 ) ;
#1050 = FACE_OUTER_BOUND ( 'NONE', #441, .T. ) ;
#1051 = VECTOR ( 'NONE', #1423, 1000.000000000000227 ) ;
#1052 = EDGE_LOOP ( 'NONE', ( #417, #625, #1032, #1241 ) ) ;
#1053 =( LENGTH_UNIT ( ) NAMED_UNIT ( * ) SI_UNIT ( .MILLI., .METRE. ) );
#1054 = CARTESIAN_POINT ( 'NONE',  ( 32.44274816461398814, 3.546197889115555668, 29.22952222979306924 ) ) ;
#1055 = CARTESIAN_POINT ( 'NONE',  ( 1.258948349930122168, 5.357063051512443330, 7.989170551927744945 ) ) ;
#1056 = EDGE_CURVE ( 'NONE', #246, #1230, #1631, .T. ) ;
#1057 = CARTESIAN_POINT ( 'NONE',  ( -26.24377622652360031, -10.33148454311410624, 9.468605670238137151 ) ) ;
#1058 = ORIENTED_EDGE ( 'NONE', *, *, #223, .F. ) ;
#1059 = DIRECTION ( 'NONE',  ( -0.08584310619312057744, -0.1729011355768443059, 0.9811911936189370298 ) ) ;
#1060 = ORIENTED_EDGE ( 'NONE', *, *, #643, .T. ) ;
#1061 = DIRECTION ( 'NONE',  ( 0.08584310619312057744, -0.1729011355768440839, -0.9811911936189370298 ) ) ;
#1062 = ORIENTED_EDGE ( 'NONE', *, *, #807, .T. ) ;
#1063 = PRODUCT_CONTEXT ( 'NONE', #1517, 'mechanical' ) ;
#1064 = CARTESIAN_POINT ( 'NONE',  ( -25.52094188700371191, 10.47456641094696828, 8.656634897369754000 ) ) ;
#1065 = CARTESIAN_POINT ( 'NONE',  ( -5.215187186690735999, 1.783644867745026064, 7.102643099174557939 ) ) ;
#1066 = DIRECTION ( 'NONE',  ( 0.08584310619312049417, -0.1729011355768437230, 0.9811911936189370298 ) ) ;
#1067 = EDGE_LOOP ( 'NONE', ( #1374, #226, #90, #1607 ) ) ;
#1068 = ORIENTED_EDGE ( 'NONE', *, *, #787, .F. ) ;
#1069 = CARTESIAN_POINT ( 'NONE',  ( -23.00000000000000000, 0.000000000000000000, 22.00000000000000000 ) ) ;
#1070 = ORIENTED_EDGE ( 'NONE', *, *, #742, .T. ) ;
#1071 = DIRECTION ( 'NONE',  ( 1.000000000000000000, -0.000000000000000000, -0.000000000000000000 ) ) ;
#1072 = CARTESIAN_POINT ( 'NONE',  ( 2.444383395892631761, 4.930242746035154333, 7.833109613762426093 ) ) ;
#1073 = EDGE_LOOP ( 'NONE', ( #1766, #1460, #1090, #263 ) ) ;
#1074 = CARTESIAN_POINT ( 'NONE',  ( 0.000000000000000000, 0.000000000000000000, 3.299999999999997158 ) ) ;
#1075 = ORIENTED_EDGE ( 'NONE', *, *, #620, .T. ) ;
#1076 = CARTESIAN_POINT ( 'NONE',  ( -25.00000000000000000, 7.910340024934901848, 11.68367697821007134 ) ) ;
#1077 = ORIENTED_EDGE ( 'NONE', *, *, #526, .T. ) ;
#1078 = ORIENTED_EDGE ( 'NONE', *, *, #212, .T. ) ;
#1079 = AXIS2_PLACEMENT_3D ( 'NONE', #1392, #843, #1380 ) ;
#1080 = AXIS2_PLACEMENT_3D ( 'NONE', #1271, #1694, #321 ) ;
#1081 = DIRECTION ( 'NONE',  ( 0.000000000000000000, -0.9848265156523382524, 0.1735417358103662766 ) ) ;
#1082 = CARTESIAN_POINT ( 'NONE',  ( -40.00000000000000000, 0.000000000000000000, 22.00000000000000000 ) ) ;
#1083 = EDGE_CURVE ( 'NONE', #1633, #953, #1665, .T. ) ;
#1084 =( GEOMETRIC_REPRESENTATION_CONTEXT ( 3 ) GLOBAL_UNCERTAINTY_ASSIGNED_CONTEXT ( ( #568 ) ) GLOBAL_UNIT_ASSIGNED_CONTEXT ( ( #1053, #1585, #1737 ) ) REPRESENTATION_CONTEXT ( 'NONE', 'WORKASPACE' ) );
#1085 = ORIENTED_EDGE ( 'NONE', *, *, #1372, .T. ) ;
#1086 = FACE_OUTER_BOUND ( 'NONE', #1610, .T. ) ;
#1087 = CARTESIAN_POINT ( 'NONE',  ( 25.00000000000000000, -7.910340024934901848, 11.68367697821007312 ) ) ;
#1088 = ORIENTED_EDGE ( 'NONE', *, *, #534, .T. ) ;
#1089 = LINE ( 'NONE', #430, #98 ) ;
#1090 = ORIENTED_EDGE ( 'NONE', *, *, #1273, .F. ) ;
#1091 = CARTESIAN_POINT ( 'NONE',  ( 32.63780608480026046, 6.123233995736766282E-16, 27.00000000000000000 ) ) ;
#1092 = CARTESIAN_POINT ( 'NONE',  ( -23.00000000000000000, 0.000000000000000000, 9.000000000000000000 ) ) ;
#1093 = ORIENTED_EDGE ( 'NONE', *, *, #223, .T. ) ;
#1094 = CARTESIAN_POINT ( 'NONE',  ( 26.51979275457710017, -10.24883306136018746, 9.937641953695388608 ) ) ;
#1095 = CARTESIAN_POINT ( 'NONE',  ( 23.54185300556511606, 7.653884365787757993, 9.181102443320593665 ) ) ;
#1096 = VERTEX_POINT ( 'NONE', #1650 ) ;
#1097 = CARTESIAN_POINT ( 'NONE',  ( 30.22062318676124448, -5.848644342536270635, 34.90813394478242770 ) ) ;
#1098 = EDGE_CURVE ( 'NONE', #1354, #662, #671, .T. ) ;
#1099 = FACE_OUTER_BOUND ( 'NONE', #1446, .T. ) ;
#1100 = CARTESIAN_POINT ( 'NONE',  ( -32.48267854304014435, -4.355033455420833199, 28.77311591590865802 ) ) ;
#1101 = EDGE_LOOP ( 'NONE', ( #112, #628, #836, #652 ) ) ;
#1102 = CARTESIAN_POINT ( 'NONE',  ( 26.63425936332918553, -10.20572680834681023, 10.18226426751380487 ) ) ;
#1103 = DIRECTION ( 'NONE',  ( 0.000000000000000000, 0.000000000000000000, -1.000000000000000000 ) ) ;
#1104 = EDGE_CURVE ( 'NONE', #1206, #1633, #1599, .T. ) ;
#1105 = CIRCLE ( 'NONE', #1336, 2.000000000000000000 ) ;
#1106 = CARTESIAN_POINT ( 'NONE',  ( 24.35512482459457217, -7.686897651213482341, 9.710870096393819040 ) ) ;
#1107 = ADVANCED_FACE ( 'NONE', ( #1787 ), #1245, .T. ) ;
#1108 = CARTESIAN_POINT ( 'NONE',  ( 30.59523315235623642, -3.611128987297745230, 29.19905194492985956 ) ) ;
#1109 = DIRECTION ( 'NONE',  ( 0.000000000000000000, 0.000000000000000000, -1.000000000000000000 ) ) ;
#1110 = CIRCLE ( 'NONE', #421, 2.000000000000001332 ) ;
#1111 = EDGE_CURVE ( 'NONE', #519, #1764, #1167, .T. ) ;
#1112 = CARTESIAN_POINT ( 'NONE',  ( 24.84495334562010171, -10.55565331550109143, 8.196477383650213611 ) ) ;
#1113 = AXIS2_PLACEMENT_3D ( 'NONE', #762, #892, #217 ) ;
#1114 = DIRECTION ( 'NONE',  ( 0.000000000000000000, -0.1735417358103662766, 0.9848265156523381414 ) ) ;
#1115 = CARTESIAN_POINT ( 'NONE',  ( 23.25707059522758158, 10.13631117777054413, 10.57618883714750346 ) ) ;
#1116 = DIRECTION ( 'NONE',  ( 1.000000000000000000, 0.000000000000000000, 0.000000000000000000 ) ) ;
#1117 = CARTESIAN_POINT ( 'NONE',  ( -23.54185300556545002, -7.653884365787410715, 9.181102443320463991 ) ) ;
#1118 = CARTESIAN_POINT ( 'NONE',  ( -30.54267774618761067, -1.421085471520200372E-14, 30.00000000000000000 ) ) ;
#1119 = ADVANCED_FACE ( 'NONE', ( #1252 ), #556, .T. ) ;
#1120 = B_SPLINE_CURVE_WITH_KNOTS ( 'NONE', 3,
 ( #1634, #546, #931, #1361, #657, #1223, #1106, #522, #943, #1656, #1493, #273 ),
 .UNSPECIFIED., .F., .F.,
 ( 4, 2, 2, 2, 2, 4 ),
 ( 0.000000000000000000, 0.0004613376161623595562, 0.0009226752323247191124, 0.001845350464649440610, 0.002768025696974161891, 0.003690700929298883822 ),
 .UNSPECIFIED. ) ;
#1121 = CARTESIAN_POINT ( 'NONE',  ( 24.62286242898210631, -7.720364332065909885, 10.11052956917163215 ) ) ;
#1122 = VERTEX_POINT ( 'NONE', #1502 ) ;
#1123 = CARTESIAN_POINT ( 'NONE',  ( -32.37534009422246584, 40.00000000000000000, 30.00000000000000000 ) ) ;
#1124 = CARTESIAN_POINT ( 'NONE',  ( 25.00000000000000000, 0.000000000000000000, 22.00000000000000000 ) ) ;
#1125 = CARTESIAN_POINT ( 'NONE',  ( 4.767821972596563818, -2.765213829040225502, 7.253945601083927386 ) ) ;
#1126 = CARTESIAN_POINT ( 'NONE',  ( -26.97778042539897925, -9.975127006467879198, 11.49088780025698497 ) ) ;
#1127 = CARTESIAN_POINT ( 'NONE',  ( 35.00000000000001421, 11.17517254308318009, 0.000000000000000000 ) ) ;
#1128 = DIRECTION ( 'NONE',  ( 0.000000000000000000, 0.9848265156523381414, 0.1735417358103668040 ) ) ;
#1129 = CARTESIAN_POINT ( 'NONE',  ( -24.62286242898207078, 7.720364332066016466, 10.11052956917164813 ) ) ;
#1130 = CARTESIAN_POINT ( 'NONE',  ( -32.93921531861893470, 7.849264694726262093, 23.55487669291654740 ) ) ;
#1131 = VERTEX_POINT ( 'NONE', #134 ) ;
#1132 = CARTESIAN_POINT ( 'NONE',  ( -23.15427856290008890, 7.649390632181244598, 9.097022709610861568 ) ) ;
#1133 = CARTESIAN_POINT ( 'NONE',  ( -40.00000000000000000, -7.878612125218705131, 23.38833388648292555 ) ) ;
#1134 = CARTESIAN_POINT ( 'NONE',  ( -4.767135238248281226, -2.766300044697965532, 7.254162868155951571 ) ) ;
#1135 = CARTESIAN_POINT ( 'NONE',  ( -25.52041337833421863, -10.47469486203881317, 8.655905954325458396 ) ) ;
#1136 = CARTESIAN_POINT ( 'NONE',  ( 24.68182408217308321, 7.730399700167976285, 10.22038890288118118 ) ) ;
#1137 = CIRCLE ( 'NONE', #932, 2.000000000000000444 ) ;
#1138 = AXIS2_PLACEMENT_3D ( 'NONE', #1436, #729, #58 ) ;
#1139 = DIRECTION ( 'NONE',  ( 0.000000000000000000, 0.000000000000000000, -1.000000000000000000 ) ) ;
#1140 = FACE_OUTER_BOUND ( 'NONE', #654, .T. ) ;
#1141 =( GEOMETRIC_REPRESENTATION_CONTEXT ( 3 ) GLOBAL_UNCERTAINTY_ASSIGNED_CONTEXT ( ( #1270 ) ) GLOBAL_UNIT_ASSIGNED_CONTEXT ( ( #627, #606, #922 ) ) REPRESENTATION_CONTEXT ( 'NONE', 'WORKASPACE' ) );
#1142 = ORIENTED_EDGE ( 'NONE', *, *, #1382, .T. ) ;
#1143 = CARTESIAN_POINT ( 'NONE',  ( 25.52041337833374257, 10.47469486203872435, 8.655905954325964657 ) ) ;
#1144 = CARTESIAN_POINT ( 'NONE',  ( -23.00000000000000000, 7.649390632181242822, 9.097022709610861568 ) ) ;
#1145 = CARTESIAN_POINT ( 'NONE',  ( -4.368596475631645326, -3.360559350784218413, 7.378140695998219201 ) ) ;
#1146 = CARTESIAN_POINT ( 'NONE',  ( 24.12146254264215628, 7.673493537500077899, 9.506322242324683813 ) ) ;
#1147 = CARTESIAN_POINT ( 'NONE',  ( -24.35047670327530511, 10.59718860988174782, 7.960770053361702736 ) ) ;
#1148 = CARTESIAN_POINT ( 'NONE',  ( -26.51923385422001900, 10.24903152094720937, 9.936515721652877886 ) ) ;
#1149 = DIRECTION ( 'NONE',  ( 1.000000000000000000, -0.000000000000000000, -0.000000000000000000 ) ) ;
#1150 = DIRECTION ( 'NONE',  ( 0.000000000000000000, -0.9848265156523381414, 0.1735417358103667484 ) ) ;
#1151 = FACE_OUTER_BOUND ( 'NONE', #1719, .T. ) ;
#1152 = FACE_OUTER_BOUND ( 'NONE', #1639, .T. ) ;
#1153 = CARTESIAN_POINT ( 'NONE',  ( 25.00000000000000000, 8.110956865248066805, 10.54520280711678382 ) ) ;
#1154 = CARTESIAN_POINT ( 'NONE',  ( 26.24377622652360387, 10.33148454311410624, 9.468605670238140704 ) ) ;
#1155 = CARTESIAN_POINT ( 'NONE',  ( -25.00000000000000000, 7.910340024934900072, 11.68367697821006956 ) ) ;
#1156 = CARTESIAN_POINT ( 'NONE',  ( -32.58404042115865451, 5.773642519589058608, 27.61454434752506160 ) ) ;
#1157 = CARTESIAN_POINT ( 'NONE',  ( 23.74199695476021077, 10.12137702731748412, 10.66093817589272597 ) ) ;
#1158 = DIRECTION ( 'NONE',  ( 0.000000000000000000, 0.000000000000000000, -1.000000000000000000 ) ) ;
#1159 = CARTESIAN_POINT ( 'NONE',  ( 5.463669449485188956, -0.7269618347246828982, 7.013428959620883418 ) ) ;
#1160 = CARTESIAN_POINT ( 'NONE',  ( 27.00000000000000355, 9.927988836674186857, 11.75839071127359503 ) ) ;
#1161 = EDGE_CURVE ( 'NONE', #1354, #319, #1120, .T. ) ;
#1162 = CARTESIAN_POINT ( 'NONE',  ( -24.09190180207858134, 10.61257779723858086, 7.873438440060833265 ) ) ;
#1163 = CARTESIAN_POINT ( 'NONE',  ( 23.25839772375977788, -10.13630089564252756, 10.57624718686681220 ) ) ;
#1164 = AXIS2_PLACEMENT_3D ( 'NONE', #51, #1580, #1036 ) ;
#1165 = CARTESIAN_POINT ( 'NONE',  ( 26.97778042539897925, 9.975127006467845447, 11.49088780025717682 ) ) ;
#1166 = VECTOR ( 'NONE', #1704, 1000.000000000000227 ) ;
#1167 = CIRCLE ( 'NONE', #422, 1.999999999999999556 ) ;
#1168 = CARTESIAN_POINT ( 'NONE',  ( -24.36102722847683211, -7.690073402455292140, 9.740834436025837206 ) ) ;
#1169 = CARTESIAN_POINT ( 'NONE',  ( 25.00000000000000000, 6.123233995736765296E-16, 27.00000000000000000 ) ) ;
#1170 = CARTESIAN_POINT ( 'NONE',  ( 25.00000000000000000, 0.000000000000000000, 22.00000000000000000 ) ) ;
#1171 = ORIENTED_EDGE ( 'NONE', *, *, #274, .T. ) ;
#1172 = EDGE_CURVE ( 'NONE', #319, #158, #1314, .T. ) ;
#1173 = CARTESIAN_POINT ( 'NONE',  ( -24.08885575778536747, 10.61274015979473617, 7.872517053918748786 ) ) ;
#1174 = CARTESIAN_POINT ( 'NONE',  ( -30.97651212015101052, -7.878612125218706908, 23.38833388648292200 ) ) ;
#1175 = CARTESIAN_POINT ( 'NONE',  ( 24.81734851557877164, 7.761696098018331824, 10.53539363773837678 ) ) ;
#1176 = CARTESIAN_POINT ( 'NONE',  ( -22.99999999999999289, -10.13708054367529066, 10.57182278687120558 ) ) ;
#1177 = DIRECTION ( 'NONE',  ( 0.08584310619312007784, -0.1729011355768436675, -0.9811911936189372518 ) ) ;
#1178 = EDGE_CURVE ( 'NONE', #953, #731, #502, .T. ) ;
#1179 = ORIENTED_EDGE ( 'NONE', *, *, #714, .T. ) ;
#1180 = CARTESIAN_POINT ( 'NONE',  ( 2.749999999999999112, 0.000000000000000000, 6.999999999999999112 ) ) ;
#1181 = CARTESIAN_POINT ( 'NONE',  ( 32.61862999059329837, 3.322156989460504306, 27.21918375974819426 ) ) ;
#1182 = CARTESIAN_POINT ( 'NONE',  ( 5.499999999999994671, -1.178240846658448942E-16, 6.999999999999999112 ) ) ;
#1183 = EDGE_CURVE ( 'NONE', #531, #1206, #1089, .T. ) ;
#1184 = CARTESIAN_POINT ( 'NONE',  ( -25.07880177348492268, -10.53262274826226808, 8.327172822308801514 ) ) ;
#1185 = ORIENTED_EDGE ( 'NONE', *, *, #1246, .F. ) ;
#1186 = DIRECTION ( 'NONE',  ( 0.000000000000000000, 0.000000000000000000, -1.000000000000000000 ) ) ;
#1187 =( BOUNDED_CURVE ( )  B_SPLINE_CURVE ( 3, ( #1381, #1526, #555, #142 ),
 .UNSPECIFIED., .F., .F. ) 
 B_SPLINE_CURVE_WITH_KNOTS ( ( 4, 4 ),
 ( 5.180828232642060271, 6.736498823797123059 ),
 .UNSPECIFIED. ) 
 CURVE ( )  GEOMETRIC_REPRESENTATION_ITEM ( )  RATIONAL_B_SPLINE_CURVE ( ( 1.000000000000000000, 0.8082895088279828943, 0.8082895088279828943, 1.000000000000000000 ) ) 
 REPRESENTATION_ITEM ( '' )  );
#1188 = EDGE_CURVE ( 'NONE', #222, #1209, #1635, .T. ) ;
#1189 = VERTEX_POINT ( 'NONE', #1144 ) ;
#1190 = CARTESIAN_POINT ( 'NONE',  ( -22.99999999999986144, 10.63896241444342117, 7.723709209179707713 ) ) ;
#1191 = CARTESIAN_POINT ( 'NONE',  ( -5.499999999999994671, 6.735557395310435121E-16, 6.999999999999999112 ) ) ;
#1192 = FACE_OUTER_BOUND ( 'NONE', #1347, .T. ) ;
#1193 = EDGE_LOOP ( 'NONE', ( #799, #64, #413, #1060 ) ) ;
#1195 = DIRECTION ( 'NONE',  ( 0.000000000000000000, 0.000000000000000000, -1.000000000000000000 ) ) ;
#1194 = VECTOR ( 'NONE', #1022, 1000.000000000000000 ) ;
#1196 = LINE ( 'NONE', #891, #445 ) ;
#1197 = AXIS2_PLACEMENT_3D ( 'NONE', #861, #564, #869 ) ;
#1198 = ORIENTED_EDGE ( 'NONE', *, *, #1297, .T. ) ;
#1199 = CARTESIAN_POINT ( 'NONE',  ( 32.38915198634903447, 1.825718699827941327, 29.84212935059739280 ) ) ;
#1200 = CARTESIAN_POINT ( 'NONE',  ( -32.78364565927022767, -7.332716110313459268, 25.33304603598625349 ) ) ;
#1201 = DIRECTION ( 'NONE',  ( -0.000000000000000000, 0.1735417358103663044, -0.9848265156523382524 ) ) ;
#1202 = VERTEX_POINT ( 'NONE', #734 ) ;
#1203 = CARTESIAN_POINT ( 'NONE',  ( -24.69622251279031744, 7.729123517314535619, 10.21577314440645345 ) ) ;
#1204 = EDGE_LOOP ( 'NONE', ( #538, #1463, #133, #1773 ) ) ;
#1205 = DIRECTION ( 'NONE',  ( 1.000000000000000000, 0.000000000000000000, 0.000000000000000000 ) ) ;
#1206 = VERTEX_POINT ( 'NONE', #1005 ) ;
#1207 = CARTESIAN_POINT ( 'NONE',  ( 32.53506714237113329, 0.6981857389974328587, 28.17431148549530562 ) ) ;
#1208 = CARTESIAN_POINT ( 'NONE',  ( -32.90873818912722015, -5.787780957946219829, 23.90323187704493080 ) ) ;
#1209 = VERTEX_POINT ( 'NONE', #444 ) ;
#1210 = DIRECTION ( 'NONE',  ( 0.000000000000000000, -1.000000000000000000, -0.000000000000000000 ) ) ;
#1211 = ORIENTED_EDGE ( 'NONE', *, *, #782, .T. ) ;
#1212 = DIRECTION ( 'NONE',  ( 0.000000000000000000, -0.9848265156523381414, -0.1735417358103667484 ) ) ;
#1213 = VERTEX_POINT ( 'NONE', #171 ) ;
#1214 = CARTESIAN_POINT ( 'NONE',  ( -30.97651212015100697, 5.908959093914028848, 23.04125041486219416 ) ) ;
#1215 = ORIENTED_EDGE ( 'NONE', *, *, #1438, .F. ) ;
#1216 = CYLINDRICAL_SURFACE ( 'NONE', #1311, 15.00000000000000000 ) ;
#1217 = DIRECTION ( 'NONE',  ( 1.000000000000000000, -0.000000000000000000, 0.000000000000000000 ) ) ;
#1218 = EDGE_LOOP ( 'NONE', ( #928, #272, #805, #1085, #199 ) ) ;
#1219 = CARTESIAN_POINT ( 'NONE',  ( 26.08691767069158374, -10.36967317892513130, 9.251890186970292973 ) ) ;
#1220 = CARTESIAN_POINT ( 'NONE',  ( -32.96890151633450472, 5.908959093914029737, 23.21556190035749978 ) ) ;
#1221 = AXIS2_PLACEMENT_3D ( 'NONE', #170, #6, #1388 ) ;
#1222 = EDGE_LOOP ( 'NONE', ( #677, #1093, #398, #600 ) ) ;
#1223 = CARTESIAN_POINT ( 'NONE',  ( 24.13651337512654038, -7.672444381369452060, 9.493950060792728962 ) ) ;
#1224 = ORIENTED_EDGE ( 'NONE', *, *, #1172, .T. ) ;
#1225 = VECTOR ( 'NONE', #634, 1000.000000000000000 ) ;
#1226 = VECTOR ( 'NONE', #446, 999.9999999999998863 ) ;
#1227 = CARTESIAN_POINT ( 'NONE',  ( -25.00000000000000000, 0.000000000000000000, 22.00000000000000000 ) ) ;
#1228 = CARTESIAN_POINT ( 'NONE',  ( -32.53506714237073538, -0.6982644976409863036, 28.17431148549953690 ) ) ;
#1229 = EDGE_CURVE ( 'NONE', #1213, #610, #474, .T. ) ;
#1230 = VERTEX_POINT ( 'NONE', #1013 ) ;
#1231 = CARTESIAN_POINT ( 'NONE',  ( 25.19429311824399065, -10.51751556470513904, 8.412904101153133141 ) ) ;
#1232 = ADVANCED_FACE ( 'NONE', ( #189 ), #743, .F. ) ;
#1233 = CYLINDRICAL_SURFACE ( 'NONE', #213, 15.00000000000000000 ) ;
#1234 = EDGE_LOOP ( 'NONE', ( #1323, #523 ) ) ;
#1235 = CARTESIAN_POINT ( 'NONE',  ( 30.97651212015104605, -7.878612125218705131, 23.38833388648292555 ) ) ;
#1236 = VERTEX_POINT ( 'NONE', #857 ) ;
#1237 = FACE_OUTER_BOUND ( 'NONE', #214, .T. ) ;
#1238 = EDGE_CURVE ( 'NONE', #1206, #731, #1527, .T. ) ;
#1239 = DIRECTION ( 'NONE',  ( 1.000000000000000000, -0.000000000000000000, -0.000000000000000000 ) ) ;
#1240 =( BOUNDED_SURFACE ( )  B_SPLINE_SURFACE ( 3, 2, ( 
 ( #1324, #1176, #71 ),
 ( #1685, #182, #1304 ),
 ( #487, #705, #840 ),
 ( #1117, #617, #1444 ),
 ( #1397, #998, #61 ),
 ( #1667, #1528, #165 ),
 ( #431, #1404, #437 ),
 ( #1263, #1724, #1135 ),
 ( #1168, #605, #859 ),
 ( #1038, #1029, #975 ),
 ( #30, #1413, #1716 ),
 ( #1536, #1590, #571 ),
 ( #224, #355, #767 ),
 ( #899, #724, #448 ),
 ( #562, #479, #1581 ),
 ( #347, #890, #1126 ),
 ( #1675, #1454, #211 ),
 ( #307, #757, #850 ) ),
 .UNSPECIFIED., .F., .F., .T. ) 
 B_SPLINE_SURFACE_WITH_KNOTS ( ( 4, 2, 2, 2, 2, 2, 2, 2, 4 ),
 ( 3, 3 ),
 ( 0.002548622632346087338, 0.003368886974048355618, 0.004189151315750623897, 0.005009415657452892176, 0.005829679999155161323, 0.006649944340857430469, 0.007470208682559698748, 0.008290473024261967028, 0.009110737365964235307 ),
 ( 0.000000000000000000, 1.000000000000000000 ),
 .UNSPECIFIED. ) 
 GEOMETRIC_REPRESENTATION_ITEM ( )  RATIONAL_B_SPLINE_SURFACE ( (
 ( 1.000000000000000000, 0.5687964589945210259, 1.000000000000000000),
 ( 1.000000000000000000, 0.5688006902972239098, 1.000000000000000000),
 ( 1.000000000000000000, 0.5696405609771825196, 1.000000000000000000),
 ( 1.000000000000000000, 0.5729628206330735773, 1.000000000000000000),
 ( 1.000000000000000000, 0.5754888659676614671, 1.000000000000000000),
 ( 1.000000000000000000, 0.5820492264598463583, 1.000000000000000000),
 ( 1.000000000000000000, 0.5860785874889350433, 1.000000000000000000),
 ( 1.000000000000000000, 0.5957293410887863905, 1.000000000000000000),
 ( 1.000000000000000000, 0.6012617665060500105, 1.000000000000000000),
 ( 1.000000000000000000, 0.6135713096499995078, 1.000000000000000000),
 ( 1.000000000000000000, 0.6204566428494375785, 1.000000000000000000),
 ( 1.000000000000000000, 0.6352635232343861738, 1.000000000000000000),
 ( 1.000000000000000000, 0.6431603340340200647, 1.000000000000000000),
 ( 1.000000000000000000, 0.6600252580789477408, 1.000000000000000000),
 ( 1.000000000000000000, 0.6690233399875032960, 1.000000000000000000),
 ( 1.000000000000000000, 0.6875429387056003483, 1.000000000000000000),
 ( 1.000000000000000000, 0.6971399876045988320, 1.000000000000000000),
 ( 1.000000000000000000, 0.7071067811865475727, 1.000000000000000000) ) ) 
 REPRESENTATION_ITEM ( '' )  SURFACE ( )  );
#1241 = ORIENTED_EDGE ( 'NONE', *, *, #1730, .F. ) ;
#1242 = EDGE_CURVE ( 'NONE', #1357, #1344, #27, .T. ) ;
#1243 = CARTESIAN_POINT ( 'NONE',  ( 23.56718015969498481, -10.12941023046627187, 10.61535080505160344 ) ) ;
#1244 = CARTESIAN_POINT ( 'NONE',  ( 23.92267108940508180, 7.664433173469832106, 9.362954296057592884 ) ) ;
#1245 = CYLINDRICAL_SURFACE ( 'NONE', #760, 2.000000000000000000 ) ;
#1246 = EDGE_CURVE ( 'NONE', #493, #959, #1305, .T. ) ;
#1247 = CARTESIAN_POINT ( 'NONE',  ( 32.58404042115627419, -5.773642519588165989, 27.61454434752601372 ) ) ;
#1248 = CARTESIAN_POINT ( 'NONE',  ( -23.99985226342428746, -7.667548241232718276, 9.413304382350604627 ) ) ;
#1249 = CARTESIAN_POINT ( 'NONE',  ( 24.13591335425845230, -10.08784183729239636, 10.85124596663724184 ) ) ;
#1250 = DIRECTION ( 'NONE',  ( -0.000000000000000000, -0.000000000000000000, 1.000000000000000000 ) ) ;
#1251 = CARTESIAN_POINT ( 'NONE',  ( 23.54949347661087700, 10.63367093306623978, 7.753737669728366200 ) ) ;
#1252 = FACE_OUTER_BOUND ( 'NONE', #532, .T. ) ;
#1253 = VECTOR ( 'NONE', #81, 1000.000000000000114 ) ;
#1254 = CARTESIAN_POINT ( 'NONE',  ( 30.97651212015104605, -7.878612125218706908, 23.38833388648292910 ) ) ;
#1255 = CARTESIAN_POINT ( 'NONE',  ( -24.68182408217307611, -7.730399700167974508, 10.22038890288117408 ) ) ;
#1256 = VECTOR ( 'NONE', #126, 999.9999999999998863 ) ;
#1257 = AXIS2_PLACEMENT_3D ( 'NONE', #1124, #1421, #712 ) ;
#1258 = CARTESIAN_POINT ( 'NONE',  ( 25.00000000000000000, -7.910340024934903624, 11.68367697821007312 ) ) ;
#1259 = ORIENTED_EDGE ( 'NONE', *, *, #1382, .F. ) ;
#1260 = CARTESIAN_POINT ( 'NONE',  ( -25.00000000000000000, 0.000000000000000000, 22.00000000000000000 ) ) ;
#1261 = CARTESIAN_POINT ( 'NONE',  ( 23.00000000000000000, 0.000000000000000000, 22.00000000000000000 ) ) ;
#1262 = CARTESIAN_POINT ( 'NONE',  ( -5.499999999999996447, -0.1806618976099002016, 7.000000000000002665 ) ) ;
#1263 = CARTESIAN_POINT ( 'NONE',  ( -24.26020668939836256, -7.682261539172621667, 9.632864224948272991 ) ) ;
#1264 = CARTESIAN_POINT ( 'NONE',  ( 26.88689865144561963, 10.06931122262666101, 10.95640476655923123 ) ) ;
#1265 = CARTESIAN_POINT ( 'NONE',  ( -26.24659905636480062, 10.33070560402867422, 9.473026047053146215 ) ) ;
#1266 = CARTESIAN_POINT ( 'NONE',  ( -26.91166379557649435, 10.07006349937343970, 10.95213569500777950 ) ) ;
#1267 = CARTESIAN_POINT ( 'NONE',  ( 27.00000000000000355, -9.879993056239577243, 12.03076044983080450 ) ) ;
#1268 = ORIENTED_EDGE ( 'NONE', *, *, #1188, .F. ) ;
#1269 = CARTESIAN_POINT ( 'NONE',  ( 23.00000000000000000, 7.649390632181243710, 9.097022709610865121 ) ) ;
#1270 = UNCERTAINTY_MEASURE_WITH_UNIT (LENGTH_MEASURE( 1.000000000000000082E-05 ), #627, 'distance_accuracy_value', 'NONE');
#1271 = CARTESIAN_POINT ( 'NONE',  ( -40.00000000000000000, 0.000000000000000000, 22.00000000000000000 ) ) ;
#1272 = CARTESIAN_POINT ( 'NONE',  ( 3.360271451728760628, -4.369054419072368134, 7.648841176199776548 ) ) ;
#1273 = EDGE_CURVE ( 'NONE', #1189, #1236, #790, .T. ) ;
#1274 = FACE_OUTER_BOUND ( 'NONE', #665, .T. ) ;
#1275 = CARTESIAN_POINT ( 'NONE',  ( 23.59584223516036872, 7.654874826521615994, 9.199130086044288390 ) ) ;
#1276 = DIRECTION ( 'NONE',  ( -0.08584310619312043866, -0.1729011355768441949, -0.9811911936189371408 ) ) ;
#1277 = CARTESIAN_POINT ( 'NONE',  ( 32.63780608480026046, 6.123233995736766282E-16, 27.00000000000000000 ) ) ;
#1278 = ORIENTED_EDGE ( 'NONE', *, *, #598, .F. ) ;
#1279 = CYLINDRICAL_SURFACE ( 'NONE', #496, 5.499999999999994671 ) ;
#1280 = DIRECTION ( 'NONE',  ( -1.505234615860032443E-16, 0.1735417358103659435, -0.9848265156523382524 ) ) ;
#1281 = DIRECTION ( 'NONE',  ( 0.000000000000000000, 0.9848265156523382524, -0.1735417358103662488 ) ) ;
#1282 = LINE ( 'NONE', #591, #1166 ) ;
#1283 = AXIS2_PLACEMENT_3D ( 'NONE', #1092, #826, #1496 ) ;
#1284 = DIRECTION ( 'NONE',  ( -0.08584310619312005008, -0.1729011355768437508, 0.9811911936189370298 ) ) ;
#1285 = CARTESIAN_POINT ( 'NONE',  ( -25.00000000000000000, 7.857081786383799837, 11.33390629438202879 ) ) ;
#1286 = CARTESIAN_POINT ( 'NONE',  ( -32.38915198634902026, 1.825718699827904468, 29.84212935059241190 ) ) ;
#1287 = CIRCLE ( 'NONE', #305, 5.000000000000000888 ) ;
#1288 = EDGE_LOOP ( 'NONE', ( #1058, #1623, #371, #1453 ) ) ;
#1289 = DIRECTION ( 'NONE',  ( 1.000000000000000000, -0.000000000000000000, 0.000000000000000000 ) ) ;
#1290 = DIRECTION ( 'NONE',  ( 1.000000000000000000, -0.000000000000000000, -0.000000000000000000 ) ) ;
#1291 = CARTESIAN_POINT ( 'NONE',  ( -34.99999999999999289, -12.00000000000000000, 0.000000000000000000 ) ) ;
#1292 = LINE ( 'NONE', #192, #1373 ) ;
#1293 = CARTESIAN_POINT ( 'NONE',  ( -25.00000000000000000, 0.000000000000000000, 22.00000000000000000 ) ) ;
#1294 = CARTESIAN_POINT ( 'NONE',  ( -32.53506714237110486, 0.000000000000000000, 28.17431148549530207 ) ) ;
#1295 = CARTESIAN_POINT ( 'NONE',  ( 24.94373277688065116, 7.816161789972897900, 11.00819200459278058 ) ) ;
#1296 = CARTESIAN_POINT ( 'NONE',  ( -27.00000000000000355, 7.910340024934900072, 11.68367697821007134 ) ) ;
#1297 = EDGE_CURVE ( 'NONE', #254, #1209, #180, .T. ) ;
#1298 = CARTESIAN_POINT ( 'NONE',  ( -32.89907635711578848, 5.768320551622816872, 24.01366712227612155 ) ) ;
#1299 = CARTESIAN_POINT ( 'NONE',  ( 24.80315641816504879, 7.757789283057727303, 10.49727157617121165 ) ) ;
#1300 = ORIENTED_EDGE ( 'NONE', *, *, #903, .T. ) ;
#1301 = FACE_OUTER_BOUND ( 'NONE', #402, .T. ) ;
#1302 = CARTESIAN_POINT ( 'NONE',  ( 23.27249738871792317, -10.63896241453926628, 7.723709208635802348 ) ) ;
#1303 = CARTESIAN_POINT ( 'NONE',  ( 24.90919057201412912, 7.796399222890767255, 10.84503642557716319 ) ) ;
#1304 = CARTESIAN_POINT ( 'NONE',  ( -23.27735260095941783, -10.63896241385212527, 7.723709212535234236 ) ) ;
#1305 =( BOUNDED_CURVE ( )  B_SPLINE_CURVE ( 3, ( #1396, #1564, #995, #1410 ),
 .UNSPECIFIED., .F., .F. ) 
 B_SPLINE_CURVE_WITH_KNOTS ( ( 4, 4 ),
 ( 0.000000000000000000, 3.141592653589793116 ),
 .UNSPECIFIED. ) 
 CURVE ( )  GEOMETRIC_REPRESENTATION_ITEM ( )  RATIONAL_B_SPLINE_CURVE ( ( 1.000000000000000000, 0.3333333333333333703, 0.3333333333333333703, 1.000000000000000000 ) ) 
 REPRESENTATION_ITEM ( '' )  );
#1306 = SURFACE_STYLE_FILL_AREA ( #768 ) ;
#1307 = DIRECTION ( 'NONE',  ( -0.000000000000000000, -0.000000000000000000, 1.000000000000000000 ) ) ;
#1308 = ORIENTED_EDGE ( 'NONE', *, *, #526, .F. ) ;
#1309 = CARTESIAN_POINT ( 'NONE',  ( -25.72100790123911906, 10.44218056752886348, 8.840420297354263823 ) ) ;
#1310 = CARTESIAN_POINT ( 'NONE',  ( -32.90873818912724857, 5.787780957945328986, 23.90323187704463948 ) ) ;
#1311 = AXIS2_PLACEMENT_3D ( 'NONE', #1227, #1781, #533 ) ;
#1312 = DIRECTION ( 'NONE',  ( 0.000000000000000000, 0.000000000000000000, -1.000000000000000000 ) ) ;
#1313 = AXIS2_PLACEMENT_3D ( 'NONE', #1459, #803, #663 ) ;
#1314 = CIRCLE ( 'NONE', #253, 2.000000000000000000 ) ;
#1315 = FACE_OUTER_BOUND ( 'NONE', #1288, .T. ) ;
#1316 = DIRECTION ( 'NONE',  ( 0.9961946980917462113, 0.000000000000000000, 0.08715574274765125473 ) ) ;
#1317 =( BOUNDED_CURVE ( )  B_SPLINE_CURVE ( 3, ( #1091, #1644, #954, #817 ),
 .UNSPECIFIED., .F., .T. ) 
 B_SPLINE_CURVE_WITH_KNOTS ( ( 4, 4 ),
 ( 3.141592653589793116, 6.283185307179586232 ),
 .UNSPECIFIED. ) 
 CURVE ( )  GEOMETRIC_REPRESENTATION_ITEM ( )  RATIONAL_B_SPLINE_CURVE ( ( 1.000000000000000000, 0.3333333333333333703, 0.3333333333333333703, 1.000000000000000000 ) ) 
 REPRESENTATION_ITEM ( '' )  );
#1318 = ORIENTED_EDGE ( 'NONE', *, *, #949, .T. ) ;
#1319 = EDGE_CURVE ( 'NONE', #147, #254, #220, .T. ) ;
#1320 = CARTESIAN_POINT ( 'NONE',  ( -22.99999999999992895, 7.649390632181245486, 9.097022709610859792 ) ) ;
#1321 = CARTESIAN_POINT ( 'NONE',  ( -5.491124443856210569, 0.3613053696300943529, 7.003261356224746770 ) ) ;
#1322 = CARTESIAN_POINT ( 'NONE',  ( -25.51939809288077043, -10.47484606709076971, 8.655047885551566011 ) ) ;
#1323 = ORIENTED_EDGE ( 'NONE', *, *, #1697, .F. ) ;
#1324 = CARTESIAN_POINT ( 'NONE',  ( -23.00000000000000000, -7.649390632181245486, 9.097022709610863345 ) ) ;
#1325 = PRESENTATION_STYLE_ASSIGNMENT (( #1717 ) ) ;
#1326 = EDGE_LOOP ( 'NONE', ( #761, #1070, #1418, #814 ) ) ;
#1327 = DIRECTION ( 'NONE',  ( 0.000000000000000000, 0.000000000000000000, -1.000000000000000000 ) ) ;
#1328 = CARTESIAN_POINT ( 'NONE',  ( -23.12541470640767471, 10.13702145652743347, 10.57215809866180756 ) ) ;
#1329 = CARTESIAN_POINT ( 'NONE',  ( -4.367379826850217306, 3.362053686281137654, 7.378500455000315483 ) ) ;
#1330 = CYLINDRICAL_SURFACE ( 'NONE', #637, 1.999999999999999334 ) ;
#1331 = EDGE_LOOP ( 'NONE', ( #1408, #358 ) ) ;
#1332 = LINE ( 'NONE', #511, #730 ) ;
#1333 = CYLINDRICAL_SURFACE ( 'NONE', #1571, 1.999999999999999556 ) ;
#1334 = CARTESIAN_POINT ( 'NONE',  ( 30.75227839147761344, 6.463135650224781870, 26.80567154886087167 ) ) ;
#1335 = CARTESIAN_POINT ( 'NONE',  ( -5.455323610656310329, 0.7227956357467298920, 7.016332959226202703 ) ) ;
#1336 = AXIS2_PLACEMENT_3D ( 'NONE', #145, #1495, #1651 ) ;
#1337 = CARTESIAN_POINT ( 'NONE',  ( 27.00000000000000355, 9.879993056239575466, 12.03076044983080273 ) ) ;
#1338 = ORIENTED_EDGE ( 'NONE', *, *, #8, .T. ) ;
#1340 = CARTESIAN_POINT ( 'NONE',  ( -25.00000000000000000, 7.864306163456380006, 11.38135201445849631 ) ) ;
#1339 = AXIS2_PLACEMENT_3D ( 'NONE', #795, #353, #370 ) ;
#1341 = EDGE_LOOP ( 'NONE', ( #1749, #1649, #904, #933 ) ) ;
#1342 = VECTOR ( 'NONE', #1284, 1000.000000000000114 ) ;
#1343 = AXIS2_PLACEMENT_3D ( 'NONE', #1464, #237, #506 ) ;
#1344 = VERTEX_POINT ( 'NONE', #1555 ) ;
#1345 = CARTESIAN_POINT ( 'NONE',  ( 30.54267774618764264, 0.9309143186632432565, 30.00000000000000000 ) ) ;
#1346 = CARTESIAN_POINT ( 'NONE',  ( -30.70477287638735575, -5.855721457571483768, 27.52965891172814850 ) ) ;
#1347 = EDGE_LOOP ( 'NONE', ( #1224, #268, #1589, #497 ) ) ;
#1348 = CARTESIAN_POINT ( 'NONE',  ( 23.27778604677826024, -10.63896241444342117, 7.723709209179705049 ) ) ;
#1349 = ORIENTED_EDGE ( 'NONE', *, *, #390, .T. ) ;
#1350 = CARTESIAN_POINT ( 'NONE',  ( 2.750000000000000000, 0.000000000000000000, 3.299999999999998046 ) ) ;
#1351 = VERTEX_POINT ( 'NONE', #589 ) ;
#1352 = DIRECTION ( 'NONE',  ( 0.08584310619311998070, -0.1729011355768441949, 0.9811911936189371408 ) ) ;
#1353 = ADVANCED_FACE ( 'NONE', ( #1152 ), #1702, .T. ) ;
#1354 = VERTEX_POINT ( 'NONE', #161 ) ;
#1355 = CARTESIAN_POINT ( 'NONE',  ( 32.37534009422250136, -0.9122567968724762943, 30.00000000000000000 ) ) ;
#1356 = CARTESIAN_POINT ( 'NONE',  ( -3.632397577355371610, 4.145476562397409914, 7.581808326335205628 ) ) ;
#1357 = VERTEX_POINT ( 'NONE', #701 ) ;
#1358 = CARTESIAN_POINT ( 'NONE',  ( -24.34780479129445752, -10.59735132082426645, 7.959846690172847516 ) ) ;
#1359 = CARTESIAN_POINT ( 'NONE',  ( -34.99999999999999289, 11.17517254308317654, 0.000000000000000000 ) ) ;
#1360 = ORIENTED_EDGE ( 'NONE', *, *, #714, .F. ) ;
#1361 = CARTESIAN_POINT ( 'NONE',  ( 23.60076897366256432, -7.654976841381001762, 9.200970910455790630 ) ) ;
#1362 = EDGE_CURVE ( 'NONE', #1096, #44, #935, .T. ) ;
#1363 = VERTEX_POINT ( 'NONE', #883 ) ;
#1364 = CARTESIAN_POINT ( 'NONE',  ( 32.86012231879475110, -7.670072120490588397, 24.45891381767789241 ) ) ;
#1365 = CYLINDRICAL_SURFACE ( 'NONE', #934, 5.000000000000000888 ) ;
#1366 = ORIENTED_EDGE ( 'NONE', *, *, #643, .F. ) ;
#1367 = CARTESIAN_POINT ( 'NONE',  ( 26.24659905636480062, -10.33070560402867422, 9.473026047053144438 ) ) ;
#1368 = DIRECTION ( 'NONE',  ( 0.000000000000000000, 0.9848265156523382524, -0.1735417358103662211 ) ) ;
#1369 = VECTOR ( 'NONE', #119, 999.9999999999998863 ) ;
#1370 = ORIENTED_EDGE ( 'NONE', *, *, #587, .T. ) ;
#1371 = DIRECTION ( 'NONE',  ( -0.08584310619312007784, -0.1729011355768437508, 0.9811911936189372518 ) ) ;
#1372 = EDGE_CURVE ( 'NONE', #610, #319, #1658, .T. ) ;
#1373 = VECTOR ( 'NONE', #1015, 1000.000000000000000 ) ;
#1374 = ORIENTED_EDGE ( 'NONE', *, *, #1730, .T. ) ;
#1375 = AXIS2_PLACEMENT_3D ( 'NONE', #1296, #1280, #580 ) ;
#1376 = CARTESIAN_POINT ( 'NONE',  ( -23.00000000000000000, -7.649390632181242822, 9.097022709610861568 ) ) ;
#1377 = CARTESIAN_POINT ( 'NONE',  ( -32.54583598311418058, -1.396199671946245946, 28.05122307256174707 ) ) ;
#1378 = EDGE_LOOP ( 'NONE', ( #1078, #1735, #233, #84 ) ) ;
#1379 =( BOUNDED_SURFACE ( )  B_SPLINE_SURFACE ( 3, 2, ( 
 ( #1258, #709, #280 ),
 ( #139, #15, #130 ),
 ( #157, #1647, #1519 ),
 ( #399, #290, #812 ),
 ( #544, #302, #828 ),
 ( #1121, #1249, #168 ),
 ( #822, #675, #1508 ),
 ( #409, #948, #1400 ),
 ( #682, #559, #1671 ),
 ( #1387, #269, #1231 ),
 ( #148, #1243, #1792 ),
 ( #537, #689, #1112 ),
 ( #1662, #1524, #433 ),
 ( #296, #835, #696 ),
 ( #344, #1163, #440 ),
 ( #43, #862, #888 ),
 ( #336, #186, #1302 ),
 ( #574, #1442, #1001 ) ),
 .UNSPECIFIED., .F., .F., .F. ) 
 B_SPLINE_SURFACE_WITH_KNOTS ( ( 4, 2, 2, 2, 2, 2, 2, 2, 4 ),
 ( 3, 3 ),
 ( 0.003808993247287122304, 0.005439478726808720174, 0.006254721466569518676, 0.007069964206330317177, 0.007885206946091115679, 0.008292828315971514930, 0.008700449685851914181, 0.009515692425612712682, 0.01033093516537351118 ),
 ( 0.000000000000000000, 1.000000000000000000 ),
 .UNSPECIFIED. ) 
 GEOMETRIC_REPRESENTATION_ITEM ( )  RATIONAL_B_SPLINE_SURFACE ( (
 ( 1.000000000000000000, 0.7071067811865477948, 1.000000000000000000),
 ( 1.000000000000000000, 0.6870994990010154124, 1.000000000000000000),
 ( 1.000000000000000000, 0.6685862622620244444, 1.000000000000000000),
 ( 1.000000000000000000, 0.6430826220576506547, 1.000000000000000000),
 ( 1.000000000000000000, 0.6351937617207554787, 1.000000000000000000),
 ( 1.000000000000000000, 0.6205070242594898922, 1.000000000000000000),
 ( 1.000000000000000000, 0.6136743408851588200, 1.000000000000000000),
 ( 1.000000000000000000, 0.6012214720081840991, 1.000000000000000000),
 ( 1.000000000000000000, 0.5957514177736984440, 1.000000000000000000),
 ( 1.000000000000000000, 0.5885830206733199121, 1.000000000000000000),
 ( 1.000000000000000000, 0.5863677793065501520, 1.000000000000000000),
 ( 1.000000000000000000, 0.5822871894945150784, 1.000000000000000000),
 ( 1.000000000000000000, 0.5804193092377207819, 1.000000000000000000),
 ( 1.000000000000000000, 0.5754780047847860569, 1.000000000000000000),
 ( 1.000000000000000000, 0.5730035121941258192, 1.000000000000000000),
 ( 1.000000000000000000, 0.5696496255746862358, 1.000000000000000000),
 ( 1.000000000000000000, 0.5687856050202838576, 1.000000000000000000),
 ( 1.000000000000000000, 0.5687964589945212479, 1.000000000000000000) ) ) 
 REPRESENTATION_ITEM ( '' )  SURFACE ( )  );
#1380 = DIRECTION ( 'NONE',  ( 1.000000000000000000, 0.000000000000000000, 0.000000000000000000 ) ) ;
#1381 = CARTESIAN_POINT ( 'NONE',  ( 35.00000000000001421, -9.999901859942591287, 0.000000000000000000 ) ) ;
#1382 = EDGE_CURVE ( 'NONE', #1764, #25, #981, .T. ) ;
#1383 = CARTESIAN_POINT ( 'NONE',  ( 27.00000000000000355, 0.000000000000000000, 22.00000000000000000 ) ) ;
#1384 = CARTESIAN_POINT ( 'NONE',  ( 32.93921531861897023, -7.849264694726268310, 23.55487669291655095 ) ) ;
#1385 = CARTESIAN_POINT ( 'NONE',  ( -2.749999999999998668, 3.367778697655219532E-16, 8.673617379884035472E-16 ) ) ;
#1386 = ORIENTED_EDGE ( 'NONE', *, *, #700, .F. ) ;
#1387 = CARTESIAN_POINT ( 'NONE',  ( 24.09714655922276805, -7.672726627785385389, 9.492302243309959309 ) ) ;
#1388 = DIRECTION ( 'NONE',  ( 0.000000000000000000, 0.000000000000000000, -1.000000000000000000 ) ) ;
#1389 = DIRECTION ( 'NONE',  ( 1.000000000000000000, 0.000000000000000000, 0.000000000000000000 ) ) ;
#1390 = CARTESIAN_POINT ( 'NONE',  ( 30.75227839147746778, -6.463135650224526962, 26.80567154886131220 ) ) ;
#1391 = CARTESIAN_POINT ( 'NONE',  ( -40.00000000000000000, 0.000000000000000000, 22.00000000000000000 ) ) ;
#1392 = CARTESIAN_POINT ( 'NONE',  ( 0.000000000000000000, 0.000000000000000000, 3.299999999999997158 ) ) ;
#1393 = CIRCLE ( 'NONE', #1420, 2.749999999999998668 ) ;
#1394 = ORIENTED_EDGE ( 'NONE', *, *, #972, .T. ) ;
#1395 = CARTESIAN_POINT ( 'NONE',  ( 5.499999999999994671, -1.178240846658448942E-16, 6.999999999999999112 ) ) ;
#1396 = CARTESIAN_POINT ( 'NONE',  ( -32.63780608480021783, 6.123233995736766282E-16, 27.00000000000000000 ) ) ;
#1397 = CARTESIAN_POINT ( 'NONE',  ( -23.67421366598169641, -7.656676235416818521, 9.231941256571120746 ) ) ;
#1398 = CARTESIAN_POINT ( 'NONE',  ( 33.02272619397734843, 12.00000000000000000, 0.000000000000000000 ) ) ;
#1399 = AXIS2_PLACEMENT_3D ( 'NONE', #1383, #806, #824 ) ;
#1400 = CARTESIAN_POINT ( 'NONE',  ( 25.72100790123959868, -10.44218056752885460, 8.840420297354310009 ) ) ;
#1401 = ORIENTED_EDGE ( 'NONE', *, *, #1499, .F. ) ;
#1402 = DIRECTION ( 'NONE',  ( 1.000000000000000000, -0.000000000000000000, -0.000000000000000000 ) ) ;
#1403 = CARTESIAN_POINT ( 'NONE',  ( 2.760988200226429878, -4.770430264067334392, 7.777222802897276743 ) ) ;
#1404 = CARTESIAN_POINT ( 'NONE',  ( -23.56302177196206316, -10.12995255113059123, 10.61227320664298723 ) ) ;
#1405 = CARTESIAN_POINT ( 'NONE',  ( 26.81767408620659410, 10.11608271906105116, 10.69098267860882245 ) ) ;
#1406 = CARTESIAN_POINT ( 'NONE',  ( -24.84734905043328368, 10.55542070344756311, 8.197797426446316038 ) ) ;
#1407 = DIRECTION ( 'NONE',  ( 0.000000000000000000, 0.1735417358103662211, 0.9848265156523382524 ) ) ;
#1408 = ORIENTED_EDGE ( 'NONE', *, *, #863, .F. ) ;
#1409 = DIRECTION ( 'NONE',  ( -0.000000000000000000, -0.000000000000000000, 1.000000000000000000 ) ) ;
#1410 = CARTESIAN_POINT ( 'NONE',  ( -33.51269272005939115, 0.000000000000000000, 16.99999999999999645 ) ) ;
#1411 = CYLINDRICAL_SURFACE ( 'NONE', #1539, 1.999999999999999334 ) ;
#1412 = EDGE_CURVE ( 'NONE', #1481, #1630, #1287, .T. ) ;
#1413 = CARTESIAN_POINT ( 'NONE',  ( -24.13521388976810655, -10.08793816937661170, 10.85069929473496764 ) ) ;
#1414 = CARTESIAN_POINT ( 'NONE',  ( 27.00000000000000355, 9.879993056239575466, 12.03076044983080273 ) ) ;
#1415 = EDGE_CURVE ( 'NONE', #381, #966, #616, .T. ) ;
#1416 = FACE_BOUND ( 'NONE', #1234, .T. ) ;
#1417 = CARTESIAN_POINT ( 'NONE',  ( -32.85047218238483424, 5.545439446488189539, 24.56921538158351126 ) ) ;
#1418 = ORIENTED_EDGE ( 'NONE', *, *, #1415, .F. ) ;
#1419 = LINE ( 'NONE', #1012, #1511 ) ;
#1420 = AXIS2_PLACEMENT_3D ( 'NONE', #1700, #1250, #1525 ) ;
#1421 = DIRECTION ( 'NONE',  ( -1.000000000000000000, 0.000000000000000000, -0.000000000000000000 ) ) ;
#1422 = EDGE_CURVE ( 'NONE', #1770, #1213, #590, .T. ) ;
#1423 = DIRECTION ( 'NONE',  ( -0.08584310619312049417, 0.1729011355768436953, -0.9811911936189370298 ) ) ;
#1424 = DIRECTION ( 'NONE',  ( 0.000000000000000000, 1.000000000000000000, 0.000000000000000000 ) ) ;
#1425 = ADVANCED_FACE ( 'NONE', ( #997 ), #1411, .T. ) ;
#1426 = AXIS2_PLACEMENT_3D ( 'NONE', #741, #470, #338 ) ;
#1427 = CARTESIAN_POINT ( 'NONE',  ( -30.90668696093229428, 5.768320551622823977, 23.83935563678081948 ) ) ;
#1428 = CARTESIAN_POINT ( 'NONE',  ( -24.54291621720028260, 7.709150883120969411, 9.980145063399419314 ) ) ;
#1429 = CARTESIAN_POINT ( 'NONE',  ( -32.37534009421520409, 0.9123331350736566536, 29.99999999999637623 ) ) ;
#1430 = FACE_OUTER_BOUND ( 'NONE', #1101, .T. ) ;
#1431 = PRODUCT_DEFINITION_CONTEXT ( 'detailed design', #641, 'design' ) ;
#1432 = EDGE_CURVE ( 'NONE', #519, #222, #561, .T. ) ;
#1433 = CARTESIAN_POINT ( 'NONE',  ( 25.00000000000000000, 0.000000000000000000, 22.00000000000000000 ) ) ;
#1434 = CARTESIAN_POINT ( 'NONE',  ( 26.97759340299933584, 9.975456660710880996, 11.48901705580471777 ) ) ;
#1435 = CARTESIAN_POINT ( 'NONE',  ( 32.63780608480026046, -10.00000000000000000, 27.00000000000000355 ) ) ;
#1436 = CARTESIAN_POINT ( 'NONE',  ( 0.000000000000000000, 0.000000000000000000, 6.999999999999999112 ) ) ;
#1437 = CARTESIAN_POINT ( 'NONE',  ( 27.00000000000000000, 9.879993056239577243, 12.03076044983080450 ) ) ;
#1438 = EDGE_CURVE ( 'NONE', #1202, #1507, #867, .T. ) ;
#1439 = EDGE_LOOP ( 'NONE', ( #1786, #117 ) ) ;
#1440 = DIRECTION ( 'NONE',  ( -1.000000000000000000, 0.000000000000000000, -0.000000000000000000 ) ) ;
#1441 = CARTESIAN_POINT ( 'NONE',  ( -23.67382544678058309, 7.656663261915716667, 9.231724617969897295 ) ) ;
#1442 = CARTESIAN_POINT ( 'NONE',  ( 22.99999999999995737, -10.13708054367528710, 10.57182278687119847 ) ) ;
#1443 = CARTESIAN_POINT ( 'NONE',  ( 26.99999999973866949, 9.927787376895416571, 11.75953396900953685 ) ) ;
#1444 = CARTESIAN_POINT ( 'NONE',  ( -24.08370601107023745, -10.61299292272897432, 7.871082657526144111 ) ) ;
#1445 = DIRECTION ( 'NONE',  ( 0.000000000000000000, 0.9848265156523381414, -0.1735417358103668040 ) ) ;
#1446 = EDGE_LOOP ( 'NONE', ( #265, #373, #688, #1468 ) ) ;
#1447 =( NAMED_UNIT ( * ) PLANE_ANGLE_UNIT ( ) SI_UNIT ( $, .RADIAN. ) );
#1448 = CARTESIAN_POINT ( 'NONE',  ( -23.54442787878276633, 7.653929175692562481, 9.181921746338261414 ) ) ;
#1449 = CARTESIAN_POINT ( 'NONE',  ( 4.372281276701034614, 3.355644998585796124, 7.377028260928871539 ) ) ;
#1450 = VECTOR ( 'NONE', #1482, 1000.000000000000000 ) ;
#1451 = CARTESIAN_POINT ( 'NONE',  ( -26.08189988121394620, -10.37075253732690250, 9.245764970065014410 ) ) ;
#1452 = VECTOR ( 'NONE', #1290, 1000.000000000000000 ) ;
#1453 = ORIENTED_EDGE ( 'NONE', *, *, #123, .F. ) ;
#1454 = CARTESIAN_POINT ( 'NONE',  ( -24.94281092877339390, -9.909396198798503974, 11.86390148474522377 ) ) ;
#1455 = CARTESIAN_POINT ( 'NONE',  ( 30.97651212015104605, -5.908959093914029737, 23.04125041486219416 ) ) ;
#1456 = ORIENTED_EDGE ( 'NONE', *, *, #240, .F. ) ;
#1457 = CARTESIAN_POINT ( 'NONE',  ( 30.59523315235623642, 3.611128987297204773, 29.19905194493006206 ) ) ;
#1458 = CARTESIAN_POINT ( 'NONE',  ( -5.320721747599105100, 1.439514134573212090, 7.064953369873182787 ) ) ;
#1459 = CARTESIAN_POINT ( 'NONE',  ( -23.00000000000000000, 8.669309383138742220, 7.376625737558976326 ) ) ;
#1460 = ORIENTED_EDGE ( 'NONE', *, *, #787, .T. ) ;
#1461 = CARTESIAN_POINT ( 'NONE',  ( -24.81429608353382932, 7.756233061885834168, 10.49529243047775928 ) ) ;
#1462 = DIRECTION ( 'NONE',  ( 1.000000000000000000, -0.000000000000000000, -0.000000000000000000 ) ) ;
#1463 = ORIENTED_EDGE ( 'NONE', *, *, #337, .T. ) ;
#1464 = CARTESIAN_POINT ( 'NONE',  ( 0.000000000000000000, 0.000000000000000000, 0.000000000000000000 ) ) ;
#1465 = CARTESIAN_POINT ( 'NONE',  ( -24.09714655922261173, 7.672726627785444009, 9.492302243309872267 ) ) ;
#1466 = CARTESIAN_POINT ( 'NONE',  ( 0.7239829995579555311, 5.464261208895279331, 8.030471916190004222 ) ) ;
#1467 = CARTESIAN_POINT ( 'NONE',  ( 25.00000000000000000, 10.63896241444342117, 7.723709209179705937 ) ) ;
#1468 = ORIENTED_EDGE ( 'NONE', *, *, #534, .F. ) ;
#1469 = CARTESIAN_POINT ( 'NONE',  ( -24.35512482459457573, 7.686897651213484117, 9.710870096393819040 ) ) ;
#1470 = ORIENTED_EDGE ( 'NONE', *, *, #419, .F. ) ;
#1471 = DIRECTION ( 'NONE',  ( 0.000000000000000000, -0.1735417358103659435, -0.9848265156523382524 ) ) ;
#1472 = ORIENTED_EDGE ( 'NONE', *, *, #1697, .T. ) ;
#1473 = CARTESIAN_POINT ( 'NONE',  ( -22.99999999999995737, 10.13708054367528710, 10.57182278687119847 ) ) ;
#1474 = CARTESIAN_POINT ( 'NONE',  ( -32.64570027178201173, -6.383690907242420387, 26.90976902991925002 ) ) ;
#1475 = CARTESIAN_POINT ( 'NONE',  ( 25.52261286903387472, -10.47431082228269972, 8.658085329408450548 ) ) ;
#1476 = CIRCLE ( 'NONE', #1221, 13.00000000000000000 ) ;
#1477 = ADVANCED_FACE ( 'NONE', ( #911, #758 ), #348, .T. ) ;
#1478 = EDGE_LOOP ( 'NONE', ( #1185, #918, #521, #1759 ) ) ;
#1480 = CARTESIAN_POINT ( 'NONE',  ( 27.00000000000000355, 0.000000000000000000, 22.00000000000000000 ) ) ;
#1479 = AXIS2_PLACEMENT_3D ( 'NONE', #3, #1784, #551 ) ;
#1481 = VERTEX_POINT ( 'NONE', #1169 ) ;
#1482 = DIRECTION ( 'NONE',  ( 1.000000000000000000, -0.000000000000000000, -0.000000000000000000 ) ) ;
#1483 = CIRCLE ( 'NONE', #1020, 2.000000000000000000 ) ;
#1484 = ORIENTED_EDGE ( 'NONE', *, *, #204, .T. ) ;
#1485 = CARTESIAN_POINT ( 'NONE',  ( 33.02272619397734843, 12.00000000000000000, 0.000000000000000000 ) ) ;
#1486 = CARTESIAN_POINT ( 'NONE',  ( 1.782322834252015209, 5.206342527809447063, 7.932406463002313224 ) ) ;
#1487 =( BOUNDED_CURVE ( )  B_SPLINE_CURVE ( 3, ( #201, #1705, #476, #466 ),
 .UNSPECIFIED., .F., .T. ) 
 B_SPLINE_CURVE_WITH_KNOTS ( ( 4, 4 ),
 ( 3.141592653589793116, 6.283185307179586232 ),
 .UNSPECIFIED. ) 
 CURVE ( )  GEOMETRIC_REPRESENTATION_ITEM ( )  RATIONAL_B_SPLINE_CURVE ( ( 1.000000000000000000, 0.3333333333333333703, 0.3333333333333333703, 1.000000000000000000 ) ) 
 REPRESENTATION_ITEM ( '' )  );
#1488 = EDGE_LOOP ( 'NONE', ( #1215, #365, #1394, #1484, #393, #1300, #921, #1732 ) ) ;
#1489 = CARTESIAN_POINT ( 'NONE',  ( -33.07414199593647197, 12.10355928320361230, -0.5876853055815491889 ) ) ;
#1490 = ADVANCED_FACE ( 'NONE', ( #901 ), #638, .F. ) ;
#1491 = CARTESIAN_POINT ( 'NONE',  ( -30.54267774618761067, 0.000000000000000000, 30.00000000000000000 ) ) ;
#1492 = VERTEX_POINT ( 'NONE', #62 ) ;
#1493 = CARTESIAN_POINT ( 'NONE',  ( 24.99999999999998934, -7.864306163456383558, 11.38135201445849631 ) ) ;
#1494 = ORIENTED_EDGE ( 'NONE', *, *, #1238, .T. ) ;
#1495 = DIRECTION ( 'NONE',  ( 1.000000000000000000, -0.000000000000000000, -0.000000000000000000 ) ) ;
#1496 = DIRECTION ( 'NONE',  ( 0.000000000000000000, 0.000000000000000000, -1.000000000000000000 ) ) ;
#1497 = ORIENTED_EDGE ( 'NONE', *, *, #547, .F. ) ;
#1498 = FACE_OUTER_BOUND ( 'NONE', #5, .T. ) ;
#1499 = EDGE_CURVE ( 'NONE', #1236, #966, #480, .T. ) ;
#1500 = FACE_OUTER_BOUND ( 'NONE', #854, .T. ) ;
#1501 = ORIENTED_EDGE ( 'NONE', *, *, #285, .T. ) ;
#1502 = CARTESIAN_POINT ( 'NONE',  ( 25.00000000000000000, -5.908959093914033289, 23.04125041486219416 ) ) ;
#1503 = ADVANCED_FACE ( 'NONE', ( #1050 ), #504, .F. ) ;
#1504 = ORIENTED_EDGE ( 'NONE', *, *, #1043, .F. ) ;
#1505 = CARTESIAN_POINT ( 'NONE',  ( 30.55344658693091375, -1.861599562594389079, 29.83588211608934770 ) ) ;
#1506 = CARTESIAN_POINT ( 'NONE',  ( -32.96890151633450472, -5.908959093914030625, 23.21556190035749623 ) ) ;
#1507 = VERTEX_POINT ( 'NONE', #488 ) ;
#1508 = CARTESIAN_POINT ( 'NONE',  ( 26.08583243379046124, -10.36992227536294209, 9.250476597462458983 ) ) ;
#1509 = AXIS2_PLACEMENT_3D ( 'NONE', #258, #115, #1625 ) ;
#1510 = CARTESIAN_POINT ( 'NONE',  ( 23.32811368692442855, 10.13564125029691709, 10.57999058740809062 ) ) ;
#1511 = VECTOR ( 'NONE', #873, 1000.000000000000227 ) ;
#1512 = CIRCLE ( 'NONE', #1597, 5.999999999999998224 ) ;
#1513 = VECTOR ( 'NONE', #1462, 1000.000000000000000 ) ;
#1514 = AXIS2_PLACEMENT_3D ( 'NONE', #880, #747, #1016 ) ;
#1515 = CARTESIAN_POINT ( 'NONE',  ( 30.54267774618764264, -0.9309143186632200528, 30.00000000000000000 ) ) ;
#1516 = CARTESIAN_POINT ( 'NONE',  ( -27.00000000000000355, -7.878612125218705131, 23.38833388648293621 ) ) ;
#1517 = APPLICATION_CONTEXT ( 'automotive_design' ) ;
#1518 = VERTEX_POINT ( 'NONE', #1039 ) ;
#1519 = CARTESIAN_POINT ( 'NONE',  ( 26.91166379557649435, -10.07006349937344147, 10.95213569500778128 ) ) ;
#1520 = CARTESIAN_POINT ( 'NONE',  ( 25.07968706557750238, 10.53252464729589555, 8.327729532384580580 ) ) ;
#1521 = DIRECTION ( 'NONE',  ( 0.000000000000000000, -0.9848265156523382524, -0.1735417358103662766 ) ) ;
#1522 = CARTESIAN_POINT ( 'NONE',  ( 30.91634881522026390, -7.717041337089146857, 24.30522684921502474 ) ) ;
#1523 = CARTESIAN_POINT ( 'NONE',  ( -23.73873172556530164, -7.658281988482711355, 9.260398181154513964 ) ) ;
#1524 = CARTESIAN_POINT ( 'NONE',  ( 23.44347813820286319, -10.13322978358451287, 10.59367534369367370 ) ) ;
#1525 = DIRECTION ( 'NONE',  ( 1.000000000000000000, 0.000000000000000000, 0.000000000000000000 ) ) ;
#1526 = CARTESIAN_POINT ( 'NONE',  ( 35.00000000000000711, -11.17517254308317298, 0.000000000000000000 ) ) ;
#1527 = LINE ( 'NONE', #298, #1452 ) ;
#1528 = CARTESIAN_POINT ( 'NONE',  ( -23.48119039841863653, -10.13244183517830344, 10.59814684721639999 ) ) ;
#1529 = CARTESIAN_POINT ( 'NONE',  ( 0.000000000000000000, 0.000000000000000000, 3.299999999999999378 ) ) ;
#1530 = FACE_OUTER_BOUND ( 'NONE', #1193, .T. ) ;
#1531 = CARTESIAN_POINT ( 'NONE',  ( 23.00000000000000000, 10.63896241444341939, 7.723709209179711266 ) ) ;
#1532 = EDGE_CURVE ( 'NONE', #44, #1189, #82, .T. ) ;
#1533 = DIRECTION ( 'NONE',  ( 0.000000000000000000, 0.9848265156523381414, 0.1735417358103666652 ) ) ;
#1534 = DIRECTION ( 'NONE',  ( 0.000000000000000000, 0.000000000000000000, -1.000000000000000000 ) ) ;
#1535 = AXIS2_PLACEMENT_3D ( 'NONE', #1350, #910, #111 ) ;
#1536 = CARTESIAN_POINT ( 'NONE',  ( -24.76025205024119913, -7.746658296013709588, 10.38841414082488512 ) ) ;
#1537 = DIRECTION ( 'NONE',  ( -0.000000000000000000, -0.000000000000000000, 1.000000000000000000 ) ) ;
#1538 = VECTOR ( 'NONE', #582, 1000.000000000000000 ) ;
#1539 = AXIS2_PLACEMENT_3D ( 'NONE', #1547, #314, #1281 ) ;
#1540 = CARTESIAN_POINT ( 'NONE',  ( -26.63425936332918198, 10.20572680834681023, 10.18226426751379954 ) ) ;
#1541 = CARTESIAN_POINT ( 'NONE',  ( 30.97651212015104605, 7.878612125218705131, 23.38833388648292910 ) ) ;
#1542 = EDGE_LOOP ( 'NONE', ( #656, #1179, #187, #576, #636, #206, #1366, #56, #1552, #1211 ) ) ;
#1543 = DIRECTION ( 'NONE',  ( 1.000000000000000000, -0.000000000000000000, 0.000000000000000000 ) ) ;
#1544 = ADVANCED_FACE ( 'NONE', ( #72 ), #1333, .T. ) ;
#1545 = CARTESIAN_POINT ( 'NONE',  ( -23.00000000000000000, 0.000000000000000000, 22.00000000000000000 ) ) ;
#1546 = EDGE_CURVE ( 'NONE', #493, #374, #1591, .T. ) ;
#1547 = CARTESIAN_POINT ( 'NONE',  ( -27.00000000000000355, -10.03034696869532461, -0.3470834716207323867 ) ) ;
#1548 = DIRECTION ( 'NONE',  ( 0.000000000000000000, 0.000000000000000000, -1.000000000000000000 ) ) ;
#1549 = CARTESIAN_POINT ( 'NONE',  ( 24.96677700671617117, 7.824071851213410866, 11.08012960255884316 ) ) ;
#1550 = CARTESIAN_POINT ( 'NONE',  ( -2.749999999999999112, 3.367778697655220026E-16, 6.999999999999999112 ) ) ;
#1551 = CARTESIAN_POINT ( 'NONE',  ( -30.59523315235619734, 3.611128987296688742, 29.19905194493025036 ) ) ;
#1552 = ORIENTED_EDGE ( 'NONE', *, *, #578, .F. ) ;
#1553 = DIRECTION ( 'NONE',  ( -0.000000000000000000, -0.1735417358103662211, -0.9848265156523382524 ) ) ;
#1554 = EDGE_CURVE ( 'NONE', #1630, #1603, #1196, .T. ) ;
#1555 = CARTESIAN_POINT ( 'NONE',  ( -27.00000000000000355, -7.878612125218705131, 23.38833388648292555 ) ) ;
#1556 = EDGE_CURVE ( 'NONE', #341, #953, #673, .T. ) ;
#1557 = DIRECTION ( 'NONE',  ( 0.000000000000000000, 0.000000000000000000, -1.000000000000000000 ) ) ;
#1558 = CARTESIAN_POINT ( 'NONE',  ( 23.99985226342428746, 7.667548241232716499, 9.413304382350604627 ) ) ;
#1559 = PLANE ( 'NONE',  #1197 ) ;
#1560 = LINE ( 'NONE', #1691, #10 ) ;
#1561 = EDGE_CURVE ( 'NONE', #560, #244, #1483, .T. ) ;
#1562 = ORIENTED_EDGE ( 'NONE', *, *, #400, .T. ) ;
#1563 = CARTESIAN_POINT ( 'NONE',  ( 26.24481548520051177, 10.33121665296666691, 9.470125911575179245 ) ) ;
#1564 = CARTESIAN_POINT ( 'NONE',  ( -32.63780608480021783, -9.999999999999998224, 27.00000000000000355 ) ) ;
#1565 = CARTESIAN_POINT ( 'NONE',  ( -5.215251583733648388, -1.783147228559772923, 7.102614702471369945 ) ) ;
#1566 = CARTESIAN_POINT ( 'NONE',  ( 23.15392300275233239, 7.649390632181243710, 9.097022709610861568 ) ) ;
#1567 = CIRCLE ( 'NONE', #38, 5.499999999999996447 ) ;
#1568 = DIRECTION ( 'NONE',  ( -0.08584310619312052193, 0.1729011355768437508, -0.9811911936189372518 ) ) ;
#1569 = CARTESIAN_POINT ( 'NONE',  ( -24.33635009651550973, 10.06095904811207653, 11.00380225792871514 ) ) ;
#1570 = CARTESIAN_POINT ( 'NONE',  ( -32.48267854304005198, 4.355033455420605826, 28.77311591590862250 ) ) ;
#1571 = AXIS2_PLACEMENT_3D ( 'NONE', #357, #1177, #1758 ) ;
#1572 = CARTESIAN_POINT ( 'NONE',  ( 24.54147361762517221, 7.708990168935767606, 9.978163096181903668 ) ) ;
#1573 = CARTESIAN_POINT ( 'NONE',  ( 4.360264746014086867, -3.357108412144834908, 7.379806853373442443 ) ) ;
#1574 = CARTESIAN_POINT ( 'NONE',  ( 25.72102648682813708, 10.44212495776791449, 8.840735875430370427 ) ) ;
#1575 = VERTEX_POINT ( 'NONE', #1725 ) ;
#1576 = PRODUCT_DEFINITION_SHAPE ( 'NONE', 'NONE',  #751 ) ;
#1577 = FACE_OUTER_BOUND ( 'NONE', #679, .T. ) ;
#1578 = CARTESIAN_POINT ( 'NONE',  ( 30.91634881522036338, 7.717041337089208142, 24.30522684921467658 ) ) ;
#1579 = LINE ( 'NONE', #853, #579 ) ;
#1580 = DIRECTION ( 'NONE',  ( 1.000000000000000000, -0.000000000000000000, 0.000000000000000000 ) ) ;
#1581 = CARTESIAN_POINT ( 'NONE',  ( -26.88746555294951790, -10.06885955623039131, 10.95896791392662450 ) ) ;
#1582 = DIRECTION ( 'NONE',  ( -0.000000000000000000, -0.000000000000000000, 1.000000000000000000 ) ) ;
#1583 = CYLINDRICAL_SURFACE ( 'NONE', #66, 1.999999999999999334 ) ;
#1584 = ORIENTED_EDGE ( 'NONE', *, *, #1412, .T. ) ;
#1585 =( NAMED_UNIT ( * ) PLANE_ANGLE_UNIT ( ) SI_UNIT ( $, .RADIAN. ) );
#1586 = CARTESIAN_POINT ( 'NONE',  ( 32.74466778766088026, 4.847351737668246230, 25.77856514714084923 ) ) ;
#1587 = CARTESIAN_POINT ( 'NONE',  ( -32.93921531861894891, -7.849264694726267422, 23.55487669291654029 ) ) ;
#1588 = CARTESIAN_POINT ( 'NONE',  ( -25.00000000000000000, 0.000000000000000000, 22.00000000000000000 ) ) ;
#1589 = ORIENTED_EDGE ( 'NONE', *, *, #88, .F. ) ;
#1590 = CARTESIAN_POINT ( 'NONE',  ( -24.33727570130346862, -10.06083244134617338, 11.00452073466618153 ) ) ;
#1591 = LINE ( 'NONE', #618, #1225 ) ;
#1592 = SURFACE_SIDE_STYLE ('',( #1720 ) ) ;
#1593 = MANIFOLD_SOLID_BREP ( 'Redondeo1', #569 ) ;
#1594 = CARTESIAN_POINT ( 'NONE',  ( 32.86012231879480794, 7.670072120490718959, 24.45891381767723516 ) ) ;
#1595 = LINE ( 'NONE', #1191, #304 ) ;
#1596 = AXIS2_PLACEMENT_3D ( 'NONE', #312, #1543, #980 ) ;
#1597 = AXIS2_PLACEMENT_3D ( 'NONE', #295, #810, #661 ) ;
#1598 = DIRECTION ( 'NONE',  ( 0.000000000000000000, 0.1735417358103668040, -0.9848265156523382524 ) ) ;
#1599 = CIRCLE ( 'NONE', #1399, 8.000000000000000000 ) ;
#1600 = ORIENTED_EDGE ( 'NONE', *, *, #465, .T. ) ;
#1601 = DIRECTION ( 'NONE',  ( 1.000000000000000000, -0.000000000000000000, -0.000000000000000000 ) ) ;
#1602 = CARTESIAN_POINT ( 'NONE',  ( 0.000000000000000000, 0.000000000000000000, 6.999999999999999112 ) ) ;
#1603 = VERTEX_POINT ( 'NONE', #821 ) ;
#1604 = CARTESIAN_POINT ( 'NONE',  ( 30.85808278620115175, 7.393919261984203573, 25.19320519478413090 ) ) ;
#1605 = CARTESIAN_POINT ( 'NONE',  ( 5.313866851525172130, 1.430197178120075074, 7.067325997439673380 ) ) ;
#1606 = CARTESIAN_POINT ( 'NONE',  ( -26.51956126635714739, -10.24896872241043511, 9.936872095085890422 ) ) ;
#1607 = ORIENTED_EDGE ( 'NONE', *, *, #1618, .T. ) ;
#1608 = B_SPLINE_CURVE_WITH_KNOTS ( 'NONE', 3,
 ( #1414, #1160, #1434, #1264, #1405, #455, #323, #1154, #183, #1574, #340, #745, #877, #23, #725, #1007, #868, #738 ),
 .UNSPECIFIED., .F., .F.,
 ( 4, 2, 2, 2, 2, 2, 2, 2, 4 ),
 ( 0.000000000000000000, 0.0008221551437004353180, 0.001644310287400870636, 0.002466465431101305845, 0.003288620574801741272, 0.004110775718502175831, 0.004932930862202611691, 0.005755086005903047551, 0.006577241149603480809 ),
 .UNSPECIFIED. ) ;
#1609 = FACE_BOUND ( 'NONE', #1331, .T. ) ;
#1610 = EDGE_LOOP ( 'NONE', ( #785, #1757, #1646, #395 ) ) ;
#1611 = EDGE_LOOP ( 'NONE', ( #796, #1370 ) ) ;
#1612 = APPLICATION_PROTOCOL_DEFINITION ( 'draft international standard', 'automotive_design', 1998, #641 ) ;
#1613 = CARTESIAN_POINT ( 'NONE',  ( -25.19429311824375972, 10.51751556470513727, 8.412904101153140246 ) ) ;
#1614 = CARTESIAN_POINT ( 'NONE',  ( 0.3644337820606355360, 5.499868891578854502, 8.044662591137598184 ) ) ;
#1615 =( BOUNDED_SURFACE ( )  B_SPLINE_SURFACE ( 3, 2, ( 
 ( #1174, #1587, #230 ),
 ( #640, #219, #1208 ),
 ( #764, #1200, #500 ),
 ( #369, #1474, #250 ),
 ( #1346, #1763, #1626 ),
 ( #259, #1100, #267 ),
 ( #549, #841, #137 ),
 ( #1652, #146, #1377 ),
 ( #426, #946, #1228 ),
 ( #1118, #1782, #116 ) ),
 .UNSPECIFIED., .F., .F., .F. ) 
 B_SPLINE_SURFACE_WITH_KNOTS ( ( 4, 2, 2, 2, 4 ),
 ( 3, 3 ),
 ( 4.886813822720055711, 5.235906693834937897, 5.584999564949820972, 5.934092436064704046, 6.283185307179586232 ),
 ( 0.000000000000000000, 1.000000000000000000 ),
 .UNSPECIFIED. ) 
 GEOMETRIC_REPRESENTATION_ITEM ( )  RATIONAL_B_SPLINE_SURFACE ( (
 ( 1.000000000000000000, 0.7124342632419738974, 1.000000000000000000),
 ( 1.000000000000000000, 0.7159402090281666853, 1.000000000000000000),
 ( 1.000000000000000000, 0.7193075675251785484, 1.000000000000000000),
 ( 1.000000000000000000, 0.7253873848669920577, 1.000000000000000000),
 ( 1.000000000000000000, 0.7280977448150843800, 1.000000000000000000),
 ( 1.000000000000000000, 0.7325611097960934570, 1.000000000000000000),
 ( 1.000000000000000000, 0.7343134959287759278, 1.000000000000000000),
 ( 1.000000000000000000, 0.7366717540503875394, 1.000000000000000000),
 ( 1.000000000000000000, 0.7372793325972694101, 1.000000000000000000),
 ( 1.000000000000000000, 0.7372773368101213087, 1.000000000000000000) ) ) 
 REPRESENTATION_ITEM ( '' )  SURFACE ( )  );
#1616 = EDGE_CURVE ( 'NONE', #798, #505, #1669, .T. ) ;
#1617 = CARTESIAN_POINT ( 'NONE',  ( 24.09190180207858134, -10.61257779723858441, 7.873438440060829713 ) ) ;
#1618 = EDGE_CURVE ( 'NONE', #973, #1351, #1711, .T. ) ;
#1619 = VERTEX_POINT ( 'NONE', #325 ) ;
#1620 = CARTESIAN_POINT ( 'NONE',  ( -27.00000000000000355, -9.879993056239577243, 12.03076044983080273 ) ) ;
#1621 = ORIENTED_EDGE ( 'NONE', *, *, #1056, .F. ) ;
#1622 = DIRECTION ( 'NONE',  ( 0.000000000000000000, 0.000000000000000000, -1.000000000000000000 ) ) ;
#1623 = ORIENTED_EDGE ( 'NONE', *, *, #994, .F. ) ;
#1624 =( LENGTH_UNIT ( ) NAMED_UNIT ( * ) SI_UNIT ( .MILLI., .METRE. ) );
#1625 = DIRECTION ( 'NONE',  ( 0.000000000000000000, -0.9848265156523381414, 0.1735417358103666652 ) ) ;
#1626 = CARTESIAN_POINT ( 'NONE',  ( -32.69716227257071495, -4.391791093178365912, 26.32155566929059631 ) ) ;
#1627 = ORIENTED_EDGE ( 'NONE', *, *, #838, .F. ) ;
#1628 = AXIS2_PLACEMENT_3D ( 'NONE', #982, #315, #1548 ) ;
#1629 = CARTESIAN_POINT ( 'NONE',  ( -23.54923267186716629, -10.63367594766145352, 7.753709212560378816 ) ) ;
#1630 = VERTEX_POINT ( 'NONE', #450 ) ;
#1632 = CARTESIAN_POINT ( 'NONE',  ( -32.53506714237110486, 0.000000000000000000, 28.17431148549530562 ) ) ;
#1631 = CIRCLE ( 'NONE', #215, 2.000000000000001776 ) ;
#1633 = VERTEX_POINT ( 'NONE', #739 ) ;
#1634 = CARTESIAN_POINT ( 'NONE',  ( 23.00000000000000000, -7.649390632181242822, 9.097022709610861568 ) ) ;
#1635 = CIRCLE ( 'NONE', #609, 2.000000000000001332 ) ;
#1636 = ORIENTED_EDGE ( 'NONE', *, *, #1273, .T. ) ;
#1637 = DIRECTION ( 'NONE',  ( 0.000000000000000000, 0.000000000000000000, -1.000000000000000000 ) ) ;
#1638 = DIRECTION ( 'NONE',  ( 0.000000000000000000, 0.000000000000000000, -1.000000000000000000 ) ) ;
#1639 = EDGE_LOOP ( 'NONE', ( #944, #1171, #1600, #311, #1077 ) ) ;
#1640 = ADVANCED_FACE ( 'NONE', ( #1577, #1416 ), #1559, .T. ) ;
#1641 = CARTESIAN_POINT ( 'NONE',  ( -27.00000000000000355, 7.878612125218705131, 23.38833388648292910 ) ) ;
#1642 = ORIENTED_EDGE ( 'NONE', *, *, #1024, .T. ) ;
#1643 = ORIENTED_EDGE ( 'NONE', *, *, #1415, .T. ) ;
#1644 = CARTESIAN_POINT ( 'NONE',  ( 32.63780608480026046, 10.00000000000000000, 27.00000000000000355 ) ) ;
#1645 = CARTESIAN_POINT ( 'NONE',  ( -24.85188728840694594, -7.773052023100079921, 10.64012341833922193 ) ) ;
#1646 = ORIENTED_EDGE ( 'NONE', *, *, #583, .T. ) ;
#1647 = CARTESIAN_POINT ( 'NONE',  ( 24.71797520820486582, -9.987996332031917390, 11.41785607106337785 ) ) ;
#1648 = CARTESIAN_POINT ( 'NONE',  ( -23.30856343941378128, 7.650512277907348668, 9.118899315711029629 ) ) ;
#1649 = ORIENTED_EDGE ( 'NONE', *, *, #1297, .F. ) ;
#1650 = CARTESIAN_POINT ( 'NONE',  ( 23.00000000000000000, 0.000000000000000000, 6.999999999999999112 ) ) ;
#1651 = DIRECTION ( 'NONE',  ( 0.000000000000000000, 0.000000000000000000, 1.000000000000000000 ) ) ;
#1652 = CARTESIAN_POINT ( 'NONE',  ( -30.55344658693087823, -1.861599562595028567, 29.83588211608911323 ) ) ;
#1653 = ORIENTED_EDGE ( 'NONE', *, *, #1104, .T. ) ;
#1654 = DIRECTION ( 'NONE',  ( 0.000000000000000000, 0.000000000000000000, -1.000000000000000000 ) ) ;
#1655 = DIRECTION ( 'NONE',  ( 0.08715574274765169882, 0.000000000000000000, 0.9961946980917461003 ) ) ;
#1656 = CARTESIAN_POINT ( 'NONE',  ( 24.96719854270251204, -7.824385562432150998, 11.08261407482599381 ) ) ;
#1657 = TOROIDAL_SURFACE ( 'NONE', #216, 6.000000000000000000, 2.000000000000000000 ) ;
#1658 = CIRCLE ( 'NONE', #389, 13.00000000000000000 ) ;
#1659 = CIRCLE ( 'NONE', #823, 15.00000000000000000 ) ;
#1660 = CARTESIAN_POINT ( 'NONE',  ( 32.61862999059328416, -3.322156989460800514, 27.21918375974841453 ) ) ;
#1661 = FACE_OUTER_BOUND ( 'NONE', #1780, .T. ) ;
#1662 = CARTESIAN_POINT ( 'NONE',  ( 23.86093042973818257, -7.662506033084776291, 9.330404061126106541 ) ) ;
#1663 = ORIENTED_EDGE ( 'NONE', *, *, #1546, .F. ) ;
#1664 = CARTESIAN_POINT ( 'NONE',  ( 23.67421366598173904, 7.656676235416632004, 9.231941256571033705 ) ) ;
#1665 = LINE ( 'NONE', #684, #1450 ) ;
#1666 = ADVANCED_FACE ( 'NONE', ( #1301 ), #593, .T. ) ;
#1667 = CARTESIAN_POINT ( 'NONE',  ( -23.92267108940513154, -7.664433173469649141, 9.362954296057502290 ) ) ;
#1668 = DIRECTION ( 'NONE',  ( 0.000000000000000000, 0.000000000000000000, -1.000000000000000000 ) ) ;
#1669 = LINE ( 'NONE', #1550, #193 ) ;
#1670 = EDGE_CURVE ( 'NONE', #1603, #681, #685, .T. ) ;
#1671 = CARTESIAN_POINT ( 'NONE',  ( 25.52094188700323230, -10.47456641094697005, 8.656634897369748671 ) ) ;
#1672 = CARTESIAN_POINT ( 'NONE',  ( -34.99999999999999289, 9.999901859942594839, 0.000000000000000000 ) ) ;
#1673 = DIRECTION ( 'NONE',  ( -0.000000000000000000, -0.1735417358103659435, 0.9848265156523382524 ) ) ;
#1674 = CARTESIAN_POINT ( 'NONE',  ( -40.00000000000000000, 7.878612125218705131, 23.38833388648292910 ) ) ;
#1675 = CARTESIAN_POINT ( 'NONE',  ( -25.00000000000000000, -7.883802987286886221, 11.50939637781617897 ) ) ;
#1676 = LINE ( 'NONE', #851, #1194 ) ;
#1677 = DIRECTION ( 'NONE',  ( 1.000000000000000000, -0.000000000000000000, 0.000000000000000000 ) ) ;
#1678 = EDGE_CURVE ( 'NONE', #374, #1791, #100, .T. ) ;
#1679 = CARTESIAN_POINT ( 'NONE',  ( -32.96890151633450472, 5.908959093914028848, 23.21556190035749978 ) ) ;
#1680 = CARTESIAN_POINT ( 'NONE',  ( -27.00000000000000355, -5.908959093914030625, 23.04125041486219416 ) ) ;
#1681 = CARTESIAN_POINT ( 'NONE',  ( 23.27735260095943204, 10.63896241385205599, 7.723709212535625923 ) ) ;
#1682 = DIRECTION ( 'NONE',  ( 1.000000000000000000, -0.000000000000000000, -0.000000000000000000 ) ) ;
#1683 = CARTESIAN_POINT ( 'NONE',  ( 5.321891839517683742, -1.434442264735364070, 7.064533470740955501 ) ) ;
#1684 = AXIS2_PLACEMENT_3D ( 'NONE', #394, #403, #1769 ) ;
#1685 = CARTESIAN_POINT ( 'NONE',  ( -23.13867630050207325, -7.649390633093762659, 9.097022710151838609 ) ) ;
#1686 = CARTESIAN_POINT ( 'NONE',  ( 24.85188728840694949, 7.773052023100080810, 10.64012341833922726 ) ) ;
#1687 = PRESENTATION_LAYER_ASSIGNMENT (  '', '', ( #40 ) ) ;
#1688 = CIRCLE ( 'NONE', #284, 2.000000000000000444 ) ;
#1689 = EDGE_CURVE ( 'NONE', #959, #493, #1487, .T. ) ;
#1690 = CARTESIAN_POINT ( 'NONE',  ( 35.00000000000001421, -9.999901859942591287, 0.000000000000000000 ) ) ;
#1691 = CARTESIAN_POINT ( 'NONE',  ( -25.00000000000000000, 0.000000000000000000, 6.999999999999999112 ) ) ;
#1692 = EDGE_LOOP ( 'NONE', ( #951, #1504, #103, #517 ) ) ;
#1693 = CARTESIAN_POINT ( 'NONE',  ( 24.62560233868881454, 10.00661945056919322, 11.31217232384366156 ) ) ;
#1694 = DIRECTION ( 'NONE',  ( 1.000000000000000000, -0.000000000000000000, -0.000000000000000000 ) ) ;
#1695 = CARTESIAN_POINT ( 'NONE',  ( -3.638300986050310826, -4.140070737287600444, 7.580285537317021927 ) ) ;
#1696 = CARTESIAN_POINT ( 'NONE',  ( 24.34159000767633785, 7.688421398260043560, 9.717990979614592462 ) ) ;
#1697 = EDGE_CURVE ( 'NONE', #1791, #374, #736, .T. ) ;
#1698 = CARTESIAN_POINT ( 'NONE',  ( -23.55583831793285299, 10.63352060848553116, 7.754590741943778731 ) ) ;
#1699 = CARTESIAN_POINT ( 'NONE',  ( -33.03729680153206516, -12.02934743049244304, -0.1665428064336266778 ) ) ;
#1700 = CARTESIAN_POINT ( 'NONE',  ( 0.000000000000000000, 0.000000000000000000, 8.673617379884035472E-16 ) ) ;
#1701 = CARTESIAN_POINT ( 'NONE',  ( 26.08294723547472671, 10.37051794378586855, 9.247096257541944198 ) ) ;
#1702 = CYLINDRICAL_SURFACE ( 'NONE', #163, 8.000000000000000000 ) ;
#1703 = CARTESIAN_POINT ( 'NONE',  ( 5.499999999999994671, -0.3668501165653869633, 6.999999999999998224 ) ) ;
#1704 = DIRECTION ( 'NONE',  ( 0.08584310619312007784, 0.1729011355768437230, -0.9811911936189370298 ) ) ;
#1705 = CARTESIAN_POINT ( 'NONE',  ( -33.51269272005939115, 9.999999999999998224, 16.99999999999999645 ) ) ;
#1706 = CARTESIAN_POINT ( 'NONE',  ( 25.00000000000000000, -9.668946159878426982, 1.703818564359846466 ) ) ;
#1707 = CARTESIAN_POINT ( 'NONE',  ( -30.54267774618761067, 0.000000000000000000, 30.00000000000000000 ) ) ;
#1708 = CARTESIAN_POINT ( 'NONE',  ( 1.950810017167960098, -5.145515764379799961, 7.909967531436669752 ) ) ;
#1709 = CARTESIAN_POINT ( 'NONE',  ( 23.00000000000000000, 10.63896241444342117, 7.723709209179705937 ) ) ;
#1710 = AXIS2_PLACEMENT_3D ( 'NONE', #1529, #1790, #542 ) ;
#1711 = LINE ( 'NONE', #48, #1342 ) ;
#1712 = CARTESIAN_POINT ( 'NONE',  ( -30.91634881522033140, 7.717041337089214359, 24.30522684921463039 ) ) ;
#1713 = VECTOR ( 'NONE', #1682, 1000.000000000000000 ) ;
#1715 = CARTESIAN_POINT ( 'NONE',  ( 25.00000000000000000, 7.910340024934903624, 11.68367697821007312 ) ) ;
#1714 =( GEOMETRIC_REPRESENTATION_CONTEXT ( 3 ) GLOBAL_UNCERTAINTY_ASSIGNED_CONTEXT ( ( #830 ) ) GLOBAL_UNIT_ASSIGNED_CONTEXT ( ( #1624, #1447, #621 ) ) REPRESENTATION_CONTEXT ( 'NONE', 'WORKASPACE' ) );
#1716 = CARTESIAN_POINT ( 'NONE',  ( -26.24481548520051533, -10.33121665296658342, 9.470125911575646427 ) ) ;
#1717 = SURFACE_STYLE_USAGE ( .BOTH. , #104 ) ;
#1718 = CARTESIAN_POINT ( 'NONE',  ( -32.53506714237110486, -3.046559616867067888, 28.17431148549530207 ) ) ;
#1719 = EDGE_LOOP ( 'NONE', ( #710, #649, #1047, #746 ) ) ;
#1720 = SURFACE_STYLE_FILL_AREA ( #349 ) ;
#1721 = FACE_OUTER_BOUND ( 'NONE', #1052, .T. ) ;
#1722 = CARTESIAN_POINT ( 'NONE',  ( -2.912538436523994356, 4.668916169673575922, 7.744754416575150735 ) ) ;
#1723 = CARTESIAN_POINT ( 'NONE',  ( 26.88746555294951790, 10.06885955623042328, 10.95896791392643621 ) ) ;
#1724 = CARTESIAN_POINT ( 'NONE',  ( -23.74199695475972760, -10.12137702731748412, 10.66093817589201009 ) ) ;
#1725 = CARTESIAN_POINT ( 'NONE',  ( -25.00000000000000000, 0.000000000000000000, 9.000000000000000000 ) ) ;
#1726 = VERTEX_POINT ( 'NONE', #1690 ) ;
#1727 = CARTESIAN_POINT ( 'NONE',  ( 5.499999999999996447, 0.000000000000000000, 3.299999999999997158 ) ) ;
#1728 = CARTESIAN_POINT ( 'NONE',  ( -23.48390289453478630, 10.13217592630231323, 10.59965584510019454 ) ) ;
#1729 = CARTESIAN_POINT ( 'NONE',  ( 2.282472066286880708, 5.007242852479744322, 7.860236930067940442 ) ) ;
#1730 = EDGE_CURVE ( 'NONE', #1351, #341, #614, .T. ) ;
#1731 = CARTESIAN_POINT ( 'NONE',  ( 24.72437003643284825, -10.56684060757129373, 8.132990973204730523 ) ) ;
#1732 = ORIENTED_EDGE ( 'NONE', *, *, #419, .T. ) ;
#1733 = EDGE_CURVE ( 'NONE', #1619, #147, #141, .T. ) ;
#1734 = DIRECTION ( 'NONE',  ( 1.000000000000000000, -0.000000000000000000, 0.000000000000000000 ) ) ;
#1735 = ORIENTED_EDGE ( 'NONE', *, *, #977, .T. ) ;
#1736 = TOROIDAL_SURFACE ( 'NONE', #896, 6.000000000000000000, 2.000000000000000000 ) ;
#1737 =( NAMED_UNIT ( * ) SI_UNIT ( $, .STERADIAN. ) SOLID_ANGLE_UNIT ( ) );
#1738 = CARTESIAN_POINT ( 'NONE',  ( 32.64570027177978062, 6.383690907243503965, 26.90976902991987174 ) ) ;
#1739 = CARTESIAN_POINT ( 'NONE',  ( 3.363155366515697242, 4.366674229924078610, 7.648128956484614882 ) ) ;
#1740 = EDGE_CURVE ( 'NONE', #1357, #827, #1688, .T. ) ;
#1741 = AXIS2_PLACEMENT_3D ( 'NONE', #1391, #1239, #955 ) ;
#1742 = CARTESIAN_POINT ( 'NONE',  ( 24.84734905043327657, -10.55542070344756134, 8.197797426446314262 ) ) ;
#1743 = VECTOR ( 'NONE', #37, 1000.000000000000000 ) ;
#1744 = EDGE_CURVE ( 'NONE', #278, #1363, #41, .T. ) ;
#1745 = VERTEX_POINT ( 'NONE', #1727 ) ;
#1746 = STYLED_ITEM ( 'NONE', ( #769 ), #408 ) ;
#1747 = DIRECTION ( 'NONE',  ( 1.000000000000000000, -0.000000000000000000, -0.000000000000000000 ) ) ;
#1748 = DIRECTION ( 'NONE',  ( 1.000000000000000000, -0.000000000000000000, -0.000000000000000000 ) ) ;
#1749 = ORIENTED_EDGE ( 'NONE', *, *, #1188, .T. ) ;
#1750 = SURFACE_STYLE_USAGE ( .BOTH. , #1592 ) ;
#1751 = CARTESIAN_POINT ( 'NONE',  ( -23.74234813078048845, 10.12134662881495117, 10.66111068339274404 ) ) ;
#1752 = CARTESIAN_POINT ( 'NONE',  ( 1.436612150834124080, 5.312139185907045480, 7.972014837881843619 ) ) ;
#1753 = EDGE_CURVE ( 'NONE', #1236, #138, #1659, .T. ) ;
#1754 = CARTESIAN_POINT ( 'NONE',  ( -23.00000000000000000, -10.63896241444342117, 7.723709209179705937 ) ) ;
#1755 = EDGE_LOOP ( 'NONE', ( #783, #872, #1456, #815 ) ) ;
#1756 = CARTESIAN_POINT ( 'NONE',  ( -23.60076897366256077, 7.654976841381002650, 9.200970910455792406 ) ) ;
#1757 = ORIENTED_EDGE ( 'NONE', *, *, #1422, .F. ) ;
#1758 = DIRECTION ( 'NONE',  ( 0.000000000000000000, 0.9848265156523381414, -0.1735417358103663599 ) ) ;
#1759 = ORIENTED_EDGE ( 'NONE', *, *, #400, .F. ) ;
#1760 = ADVANCED_FACE ( 'NONE', ( #67, #1761 ), #85, .T. ) ;
#1761 = FACE_OUTER_BOUND ( 'NONE', #1488, .T. ) ;
#1762 = CARTESIAN_POINT ( 'NONE',  ( -23.86093042973821809, 7.662506033084821588, 9.330404061126150950 ) ) ;
#1763 = CARTESIAN_POINT ( 'NONE',  ( -32.58404042115854082, -5.773642519588873867, 27.61454434752498344 ) ) ;
#1764 = VERTEX_POINT ( 'NONE', #75 ) ;
#1765 = CARTESIAN_POINT ( 'NONE',  ( 25.72247156281905234, -10.44192458317616889, 8.841872974872703850 ) ) ;
#1766 = ORIENTED_EDGE ( 'NONE', *, *, #462, .F. ) ;
#1767 = CARTESIAN_POINT ( 'NONE',  ( 2.749999999999998668, 0.000000000000000000, 8.673617379884035472E-16 ) ) ;
#1768 = ORIENTED_EDGE ( 'NONE', *, *, #1753, .T. ) ;
#1769 = DIRECTION ( 'NONE',  ( 0.000000000000000000, 0.000000000000000000, -1.000000000000000000 ) ) ;
#1770 = VERTEX_POINT ( 'NONE', #248 ) ;
#1771 = CARTESIAN_POINT ( 'NONE',  ( 30.85808278620129386, -7.393919261984470914, 25.19320519478365838 ) ) ;
#1772 = CARTESIAN_POINT ( 'NONE',  ( -23.30376391760829691, -7.650466592898832907, 9.118023813901551478 ) ) ;
#1773 = ORIENTED_EDGE ( 'NONE', *, *, #1733, .T. ) ;
#1774 = CARTESIAN_POINT ( 'NONE',  ( 25.00000000000000000, 0.000000000000000000, 8.999999999999998224 ) ) ;
#1776 = CARTESIAN_POINT ( 'NONE',  ( -30.97651212015101052, 7.878612125218705131, 23.38833388648292910 ) ) ;
#1775 = AXIS2_PLACEMENT_3D ( 'NONE', #293, #424, #1116 ) ;
#1777 = ORIENTED_EDGE ( 'NONE', *, *, #1104, .F. ) ;
#1778 = DIRECTION ( 'NONE',  ( 0.000000000000000000, 0.9848265156523383634, -0.1735417358103659158 ) ) ;
#1779 = AXIS2_PLACEMENT_3D ( 'NONE', #92, #1316, #1030 ) ;
#1780 = EDGE_LOOP ( 'NONE', ( #80, #407, #674, #1653 ) ) ;
#1781 = DIRECTION ( 'NONE',  ( 1.000000000000000000, -0.000000000000000000, -0.000000000000000000 ) ) ;
#1782 = CARTESIAN_POINT ( 'NONE',  ( -32.37534009422246584, -1.392603866974469032E-14, 30.00000000000000355 ) ) ;
#1783 = ORIENTED_EDGE ( 'NONE', *, *, #74, .F. ) ;
#1784 = DIRECTION ( 'NONE',  ( 1.000000000000000000, -0.000000000000000000, -0.000000000000000000 ) ) ;
#1785 = FACE_OUTER_BOUND ( 'NONE', #788, .T. ) ;
#1786 = ORIENTED_EDGE ( 'NONE', *, *, #1043, .T. ) ;
#1787 = FACE_OUTER_BOUND ( 'NONE', #1755, .T. ) ;
#1788 = ORIENTED_EDGE ( 'NONE', *, *, #1689, .F. ) ;
#1789 = CARTESIAN_POINT ( 'NONE',  ( -25.00000000000000000, 8.669309383138742220, 7.376625737558973661 ) ) ;
#1790 = DIRECTION ( 'NONE',  ( -0.000000000000000000, -0.000000000000000000, 1.000000000000000000 ) ) ;
#1791 = VERTEX_POINT ( 'NONE', #207 ) ;
#1792 = CARTESIAN_POINT ( 'NONE',  ( 25.08095522866333837, -10.53088731766914776, 8.337021162572302302 ) ) ;
#1793 = CARTESIAN_POINT ( 'NONE',  ( 23.48119039841863298, 10.13244183517853969, 10.59814684721639999 ) ) ;
#1794 = DIRECTION ( 'NONE',  ( 1.000000000000000000, -0.000000000000000000, -0.000000000000000000 ) ) ;
ENDSEC;
END-ISO-10303-21;
